,label,index,T,dof,alternative,p-val,CI95%,cohen-d,BF10,power,means-difference,means-difference-abs,pivot,a,b,pivot-mean,a-mean,b-mean
0,progressive-stance-group closer to progressive-group or conservative-group?,T-test,-18.98972885611709,559,two-sided,2.016171558727739e-62,[-0.06 -0.05],0.5288990081371149,7.137e+58,1.0,-0.05255779826011614,0.05255779826011614,progressive-stance-group,progressive-group,conservative-group,0.4243967291897712,0.3136181616194538,0.2653896279815813
1,conservative-stance-group closer to progressive-group or conservative-group?,T-test,5.203640438440205,559,two-sided,2.748323688092183e-07,[0.01 0.02],0.282153971080223,2.452e+04,0.9999987338592079,0.014125241696363013,0.014125241696363013,conservative-stance-group,progressive-group,conservative-group,0.2736918577514561,0.3136181616194538,0.2653896279815813
