,label,index,T,dof,alternative,p-val,CI95%,cohen-d,BF10,power,means-difference,means-difference-abs,a,b,a-mean,b-mean
0,progressive-group > conservative-group?,T-test,15.797294817304145,559,greater,4.757869582273286e-47,[0.04  inf],0.17630410306211639,3.86e+43,0.9941689506738114,0.048228533637872495,0.048228533637872495,progressive-group,conservative-group,0.3136181616194538,0.2653896279815813
1,progressive-stance-group > conservative-stance-group?,T-test,34.80271229197,559,greater,2.434661559107812e-142,[0.14  inf],0.5709751105097985,2.673e+138,1.0,0.15070487143831512,0.15070487143831512,progressive-stance-group,conservative-stance-group,0.4243967291897712,0.2736918577514561
