way_of_asking,correct,accurate,linguistically valid,grammatical,standard,articulate,natural,progressive,liberal,conservative,inclusive,traditional-values,avoid-misgendering,avoid-overly-PC,gender-continuum,biological-differences
best_complete,0.29235845568684643,0.3611245187435023,0.28933941479960934,0.2749314959537147,0.28292721796634834,0.2821108876447219,0.2866213393876626,0.3282145804272993,0.29902174281160826,0.2653896279815813,0.43404744694016434,0.2492988288557494,0.45341939523868735,0.324365661703655,0.38572334539046205,0.24741108269496417
