way_of_asking,null_context,choices-all-terms,individual-declaration,ideology-declaration
direct,0.4199082314011238,0.36799366913149567,0.6060599710338419,0.40415452386321177
likely_complete,0.25349812929634763,0.232690785489477,0.31199754012639686,0.3077209743540027
best_complete,0.26161781412197443,0.23744236710756061,0.35297808831753635,0.3606128937379441
likely_refer,0.2745460459294686,0.2571139173956305,0.3698831859668904,0.33154549056254684
best_refer,0.27737298701822644,0.2771351455504921,0.40879980825971,0.3966421176506851
