way_of_asking,p(reform)
best_complete,0.3031627908212539
best_refer,0.3399875146197784
direct,0.4495290988574183
likely_complete,0.276476857316556
likely_refer,0.3082721599636341
