context,p(reform)
choices-all-terms,0.2744751769349312
ideology-declaration,0.3601352000336781
individual-declaration,0.40994371874087504
null_context,0.2973886415534282
