"","Estimate","Std. Error","z value","Pr(>|z|)"
"(Intercept)",-0.227050306499187,0.411826261242988,-0.551325468691326,0.581410582455571
"metalinguistic",-0.811012135428999,0.0236379342449522,-34.3097720394999,5.61059077033479e-258
