way_of_asking,p(reform)
best_complete,0.38210514166406057
best_refer,0.36955648959591963
direct,0.3878830121850428
likely_complete,0.3609013589851761
likely_refer,0.33399803234002434
