context,p(reform)
choices-all-terms,0.3937116866068122
ideology-declaration,0.40013874117018977
individual-declaration,0.3868233455118545
null_context,0.2868814545273223
