"","Estimate","Std. Error","z value","Pr(>|z|)"
"(Intercept)",-0.960615433367234,0.186491016657841,-5.15100110762812,2.59099658547422e-07
"metalinguistic",-0.113622386632953,0.0133548342736236,-8.50795931308278,1.77021286510732e-17
"refer",-0.118894299890003,0.0101117102019704,-11.7580802371923,6.41769306532656e-32
"best",0.156889863097537,0.0101119121799392,15.5153506385061,2.73138617670692e-54
"choices",0.736005929318565,0.0128415115192678,57.3145870105898,0
"individual_declaration",0.532571915083559,0.012878276445172,41.3542850513369,0
"ideology_declaration",0.619204518673122,0.0128617663212446,48.143039082458,0
