context,p(reform)
choices-all-terms,0.7196509707560718
ideology-declaration,0.8742253009221116
individual-declaration,0.7877433379403042
null_context,0.380707344250375
