context,p(reform)
choices-all-terms,0.6200720581204805
ideology-declaration,0.7878257519953414
individual-declaration,0.7326477644579469
null_context,0.378548704183333
