way_of_asking,null_context,choices-all-terms,individual-declaration,ideology-declaration
direct,0.4366279815644736,0.6263025522640467,0.5550004348227022,0.7424970707050295
likely_complete,0.3673875667728938,0.5778261787772497,0.7284776183000201,0.7788820945282199
best_complete,0.3610200924691985,0.6254837773163605,0.7643412321645997,0.8350995882401134
likely_refer,0.35231223886172003,0.5909089908349395,0.80077789883956,0.764814358672476
best_refer,0.37539564124837915,0.6798387914098064,0.8146416381628523,0.8178356478308685
