way_of_asking,p(reform)
best_complete,0.646486172547568
best_refer,0.6719279296629765
direct,0.590107009839063
likely_complete,0.613143364594596
likely_refer,0.6272033718021739
