"","Estimate","Std. Error","z value","Pr(>|z|)"
"(Intercept)",0.335466960253057,0.197651363811123,1.69726610423813,0.0896463624743237
"metalinguistic",0.000412092485514453,0.0267636755397252,0.0153974548414617,0.987715093929153
