"","Estimate","Std. Error","z value","Pr(>|z|)"
"(Intercept)",-0.775608657822992,0.230407904752256,-3.36624153002458,0.000761999561120227
"metalinguistic",-0.114219540675568,0.027876789012554,-4.09729903340484,4.17998784773335e-05
"refer",0.14611851153754,0.0210886508888641,6.92877473801314,4.24501112662355e-12
"best",0.188034001169308,0.021088713133608,8.91633358460587,4.81980183593312e-19
"choices",1.24116446524442,0.0266048425314783,46.6518252748876,0
"individual_declaration",1.66698315492151,0.0266927846828768,62.4507024923054,0
"ideology_declaration",2.02781085316566,0.0268060723407834,75.6474438845896,0
