context,p(reform)
choices-all-terms,0.42689955127891255
ideology-declaration,0.471000618142998
individual-declaration,0.43640383210068506
null_context,0.30875389186731617
