way_of_asking,p(reform)
best_complete,0.4053848176157661
best_refer,0.4186112532840076
direct,0.4631882579476962
likely_complete,0.3836880860270144
likely_refer,0.38294995186290526
