,label,index,T,dof,alternative,p-val,CI95%,cohen-d,BF10,power,means-difference,means-difference-abs,pivot,a,b,pivot-mean,a-mean,b-mean
0,progressive-stance-group closer to progressive-group or conservative-group?,T-test,-14.570595196538191,559,two-sided,5.35162709627635e-41,[-0.04 -0.03],0.24228598255505396,3.815e+37,0.9999162895863979,-0.03730205917811172,0.03730205917811172,progressive-stance-group,progressive-group,conservative-group,0.44721219940433676,0.30785031556065307,0.26690576902880236
1,conservative-stance-group closer to progressive-group or conservative-group?,T-test,-3.238523700536091,559,two-sided,0.0012727839958158811,[-0.01 -0.  ],0.11221207407052552,8.347,0.7551858474676425,-0.007353140896004973,0.007353140896004973,conservative-stance-group,progressive-group,conservative-group,0.28818474334826155,0.30785031556065307,0.26690576902880236
