,label,index,T,dof,alternative,p-val,CI95%,cohen-d,BF10,power,means-difference,means-difference-abs,a,b,a-mean,b-mean
0,progressive-group > conservative-group?,T-test,15.430262855832039,559,greater,2.6147276739991797e-45,[0.04  inf],0.13396957470041015,7.245e+41,0.9359459958395439,0.0409445465318507,0.0409445465318507,progressive-group,conservative-group,0.30785031556065307,0.26690576902880236
1,progressive-stance-group > conservative-stance-group?,T-test,28.509476743520175,559,greater,2.343243088836738e-111,[0.15  inf],0.5281580211261708,3.583e+107,1.0,0.1590274560560752,0.1590274560560752,progressive-stance-group,conservative-stance-group,0.44721219940433676,0.28818474334826155
