way_of_asking,correct,accurate,linguistically valid,grammatical,standard,articulate,natural,progressive,liberal,conservative,inclusive,traditional-values,avoid-misgendering,avoid-overly-PC,gender-continuum,biological-differences
best_complete,0.302039489581108,0.3622942380390563,0.3009566578223314,0.28742231913730365,0.31287837012048997,0.31038850973833126,0.29296951408199234,0.3150990084331538,0.30060162268815216,0.26690576902880236,0.4454995660784048,0.2583806915399617,0.44579862198197123,0.29614764394109205,0.4503384101526343,0.31002589456373103
