way_of_asking,correct,accurate,linguistically valid,grammatical,standard,articulate,natural,progressive,liberal,conservative,inclusive,traditional-values,avoid-misgendering,avoid-overly-PC,gender-continuum,biological-differences
best_complete,0.3602004222000584,0.45411683267384684,0.3599970545984028,0.3402190861703573,0.37930545424746526,0.3898442745332993,0.33088293687928544,0.4666252538164174,0.41936777144700277,0.2943666760340269,0.7262334128370601,0.24056932010531515,0.8114064173470693,0.38906047140339794,0.8638000925802553,0.33841896151622053
