,label,index,T,dof,alternative,p-val,CI95%,cohen-d,BF10,power,means-difference,means-difference-abs,pivot,a,b,pivot-mean,a-mean,b-mean
0,positive-metalinguistic closer to progressive-group or conservative-group?,T-test,0.7701830822237385,1599,two-sided,0.44130506786888957,[-0.    0.01],0.01526473014414151,0.038,0.09363165742805665,0.0017739861284031128,0.0017739861284031128,positive-metalinguistic,progressive-group,conservative-group,0.26821670483081783,0.23737352002946238,0.22186525383714747
1,positive-metalinguistic closer to progressive-stance-group or conservative-stance-group?,T-test,24.198303145095206,1599,two-sided,1.7409720787139126e-110,[0.07 0.08],0.7275835887822847,4.209e+106,1.0,0.07462231945895545,0.07462231945895545,positive-metalinguistic,progressive-stance-group,conservative-stance-group,0.26821670483081783,0.34141383243489626,0.247804015764166
