,label,index,T,dof,alternative,p-val,CI95%,cohen-d,BF10,power,means-difference,means-difference-abs,pivot,a,b,pivot-mean,a-mean,b-mean
0,progressive-stance-group closer to progressive-group or conservative-group?,T-test,-7.233121696591768,1599,two-sided,7.291030772908082e-13,[-0.02 -0.01],0.1151108878487613,4.058e+09,0.9958754997544798,-0.0171497455559447,0.0171497455559447,progressive-stance-group,progressive-group,conservative-group,0.34141383243489626,0.23737352002946238,0.22186525383714747
1,conservative-stance-group closer to progressive-group or conservative-group?,T-test,6.868886020460527,1599,two-sided,9.235087923110567e-12,[0.01 0.02],0.19378668099394947,3.377e+08,0.9999999964138996,0.014205999783587428,0.014205999783587428,conservative-stance-group,progressive-group,conservative-group,0.247804015764166,0.23737352002946238,0.22186525383714747
