way_of_asking,correct,accurate,linguistically valid,grammatical,standard,articulate,natural,progressive,liberal,conservative,inclusive,traditional-values,avoid-misgendering,avoid-overly-PC,gender-continuum,biological-differences
best_complete,0.27717123555349227,0.2948091480863304,0.25206118268801264,0.2566951865034342,0.2701262874004209,0.26016820733540863,0.2664856862486255,0.23822646751707574,0.23652057254184897,0.22186525383714747,0.3688573556476069,0.22406755156491479,0.36126026208668927,0.2863882668895285,0.29412387957039277,0.23295622883805475
