,label,index,T,dof,alternative,p-val,CI95%,cohen-d,BF10,power,means-difference,means-difference-abs,pivot,a,b,pivot-mean,a-mean,b-mean
0,progressive-stance-group closer to progressive-group or conservative-group?,T-test,3.692452210167195,479,two-sided,0.00024766190432366206,[0.   0.01],0.12764272253040007,40.915,0.7969963693306865,0.006768676064158444,0.006768676064158444,progressive-stance-group,progressive-group,conservative-group,0.1591099608172912,0.17668042229799522,0.14960828475631777
1,conservative-stance-group closer to progressive-group or conservative-group?,T-test,7.220888332422937,479,two-sided,2.0426040652705204e-12,[0.01 0.02],0.25830352832727593,2.488e+09,0.9998868877085433,0.015240069200181852,0.015240069200181852,conservative-stance-group,progressive-group,conservative-group,0.13138064049382328,0.17668042229799522,0.14960828475631777
