way_of_asking,correct,accurate,linguistically valid,grammatical,standard,articulate,natural,progressive,liberal,conservative,inclusive,traditional-values,avoid-misgendering,avoid-overly-PC,gender-continuum,biological-differences
best_complete,0.121476518800386,0.12001832977629438,0.12463047195199112,0.09669831010427622,0.10151678017207935,0.13211514317006406,0.0994391215685608,0.160861220840114,0.19249962375587634,0.14960828475631777,0.12138147540496566,0.11586983257974262,0.14437225051510794,0.11364426002218156,0.21157615653180006,0.1646278288795457
