way_of_asking,p(reform)
best_complete,0.4299362789662393
best_refer,0.4820554975155434
direct,0.44759658015406245
likely_complete,0.4419475278876378
likely_refer,0.4587345164478233
