context,p(reform)
choices-all-terms,0.4298616061935825
ideology-declaration,0.43902223201266355
individual-declaration,0.4910754837884509
null_context,0.448256998782348
