"","Estimate","Std. Error","z value","Pr(>|z|)"
"(Intercept)",-0.362599939303449,0.399936914037952,-0.906642839348007,0.36459569987722
"metalinguistic",-0.0551968684159566,0.0243707807864043,-2.26487895072895,0.0235201088101741
"refer",0.176975781566996,0.018431694441563,9.60170982261511,7.86290728767885e-22
"best",0.0183837575384478,0.0184287861609407,0.99755661484703,0.318494407809888
"choices",-0.0786641663544719,0.0232976414788779,-3.37648626045647,0.00073418038782628
"individual_declaration",0.234813940172592,0.0233273891724176,10.0660188946578,7.80746681491997e-24
"ideology_declaration",-0.0499759726673504,0.0232980486313264,-2.14507117991646,0.0319471563052227
