way_of_asking,p(reform)
best_complete,0.40635209572846565
best_refer,0.42925547922197094
direct,0.4179950836755021
likely_complete,0.3609930787499791
likely_refer,0.37570653134015314
