way_of_asking,null_context,choices-all-terms,individual-declaration,ideology-declaration
direct,0.3804644126491618,0.37162296085520774,0.4680360414654887,0.45185691973215014
likely_complete,0.28102909826991523,0.3749797558748678,0.4226942231225455,0.3652692377325879
best_complete,0.2870723414817266,0.3956361274860687,0.5092809674526579,0.43341894649340934
likely_refer,0.2679415894252271,0.4111458610203326,0.4312841029757187,0.3924545719393342
best_refer,0.2712781760027986,0.43324830211405785,0.5618776457805023,0.4506177929905253
