context,p(reform)
choices-all-terms,0.39732660147010695
ideology-declaration,0.4187234937776014
individual-declaration,0.4786345961593826
null_context,0.29755712356576586
