,label,index,T,dof,alternative,p-val,CI95%,cohen-d,BF10,power,means-difference,means-difference-abs,pivot,a,b,pivot-mean,a-mean,b-mean
0,progressive-stance-group closer to progressive-group or conservative-group?,T-test,-34.10969011783594,1599,two-sided,4.43267223304988e-192,[-0.01 -0.01],0.154010445355111,1.048e+188,1.0,-0.013554618299953913,0.013554618299953913,progressive-stance-group,progressive-group,conservative-group,0.16380929550517728,0.08086749845434897,0.06510454887327295
1,conservative-stance-group closer to progressive-group or conservative-group?,T-test,40.734396640654914,1599,two-sided,1.939366034884503e-249,[0.01 0.02],0.6888059652916018,1.889e+245,1.0,0.014399643898887145,0.014399643898887145,conservative-stance-group,progressive-group,conservative-group,0.047399870481112015,0.08086749845434897,0.06510454887327295
