way_of_asking,p(reform)
best_complete,0.25124253619187753
best_refer,0.26053562798208196
direct,0.24657362636414085
likely_complete,0.22702861170809133
likely_refer,0.21681738196730954
