way_of_asking,null_context,choices-pronoun,individual-declaration,ideology-declaration
direct,0.016279332470533626,0.06951336817179751,0.8352770544706619,0.06522475034357038
likely_complete,0.05733837119454852,0.05726524097923335,0.7435555187951831,0.04995531586340034
best_complete,0.046130989189990895,0.11938484772860314,0.7403756585620249,0.09907864928689111
likely_refer,0.02544443523137069,0.0349389720523391,0.7557471169883446,0.05113900359718379
best_refer,0.02334359260373886,0.08156321545968641,0.8461618273533341,0.09107387651156834
