context,p(reform)
choices-pronoun,0.07253312887833191
ideology-declaration,0.07129431912052278
individual-declaration,0.7842234352339098
null_context,0.03370734413803652
