"","Estimate","Std. Error","z value","Pr(>|z|)"
"(Intercept)",-3.25346158548028,0.067903432903249,-47.913064868398,0
"metalinguistic",-0.181677868641664,0.0110703308428408,-16.4112411111142,1.58923251719496e-60
"refer",-0.0424391541679397,0.00832678436248103,-5.09670387997109,3.45618309876753e-07
"best",0.409106812638712,0.00835979804232714,48.9374038185291,0
"choices",0.750234250070829,0.0122437787351335,61.274731134926,0
"individual_declaration",4.66228308998232,0.0111804227711497,417.0041853885,0
"ideology_declaration",0.70613071949133,0.0123031738212433,57.3941919175433,0
