way_of_asking,p(reform)
best_complete,0.2772463159203771
best_refer,0.26976526429161896
direct,0.2296128581443946
likely_complete,0.24828134369475863
likely_refer,0.2589204514460584
