context,p(reform)
choices-pronoun,0.04303787464172135
ideology-declaration,0.046261777287159724
individual-declaration,0.8918496586760902
null_context,0.045911676192794786
