way_of_asking,null_context,choices-pronoun,individual-declaration,ideology-declaration
direct,0.01359703060599039,0.028518958289759606,0.8300367421790802,0.04629870150274826
likely_complete,0.06978331427609778,0.06093088275460902,0.8304126896309877,0.03199848811734002
best_complete,0.07064763906065129,0.05864364309021728,0.9038047639069758,0.07588921762366384
likely_refer,0.03859949374639368,0.02803523363941231,0.9333182067972284,0.03572887160119928
best_refer,0.03693090327484079,0.03906065543460852,0.9616758908661793,0.04139360759084721
