"","Estimate","Std. Error","z value","Pr(>|z|)"
"(Intercept)",-3.69676013094481,0.0683599730698839,-54.0778465077165,0
"metalinguistic",0.501524067597285,0.0116569011915344,43.0237898869302,0
"refer",-0.0254719655225025,0.00865173778002423,-2.94414442163446,0.0032384884010678
"best",0.288845774635131,0.00867481079449152,33.297069120925,4.25719676685007e-243
"choices",0.141664031423097,0.0118741848590704,11.9304215914142,8.21563554184298e-33
"individual_declaration",5.4505792347157,0.0109888853102807,496.008383090177,0
"ideology_declaration",0.146233795003269,0.0118672825156023,12.322433110614,6.85930328931671e-35
