,label,index,T,dof,alternative,p-val,CI95%,cohen-d,BF10,power,means-difference,means-difference-abs,pivot,a,b,pivot-mean,a-mean,b-mean
0,progressive-stance-group closer to progressive-group or conservative-group?,T-test,-7.9607399586745125,559,two-sided,9.591253896979622e-15,[-0.04 -0.02],0.29040200070336347,4.45e+11,1.0,-0.028839379868801973,0.028839379868801973,progressive-stance-group,progressive-group,conservative-group,0.3147459477549336,0.3208870648910305,0.2478893874683052
1,conservative-stance-group closer to progressive-group or conservative-group?,T-test,4.571706270413319,559,two-sided,5.960141769443867e-06,[0.01 0.03],0.22820455247869456,1287.464,0.999699342985293,0.021660261431784955,0.021660261431784955,conservative-stance-group,progressive-group,conservative-group,0.26365184951937143,0.3208870648910305,0.2478893874683052
