way_of_asking,correct,accurate,linguistically valid,grammatical,standard,articulate,natural,progressive,liberal,conservative,inclusive,traditional-values,avoid-misgendering,avoid-overly-PC,gender-continuum,biological-differences
best_complete,0.2719690114148693,0.29568597624948406,0.253830824634236,0.24873548313634442,0.27552939161389134,0.25696720003438744,0.26656333685025135,0.3372481170278986,0.3045260127541623,0.2478893874683052,0.36411587296603765,0.2719795187940338,0.30027140473347014,0.29354504035982704,0.27985056556529303,0.22543098940425343
