,label,index,T,dof,alternative,p-val,CI95%,cohen-d,BF10,power,means-difference,means-difference-abs
0,positive-metalinguistic != progressive-group?,T-test,-7.748747603536943,559,two-sided,4.398980413478358e-14,[-0.07 -0.04],0.15458505554795288,1.0e+11,0.9546669230804701,-0.053846890043392825,0.053846890043392825
1,positive-metalinguistic != conservative-group?,T-test,3.7086482231739137,559,two-sided,0.00022916114008688884,[0.01 0.03],0.05766871715163728,40.94,0.2754940756481506,0.019150787379332512,0.019150787379332512
2,positive-metalinguistic != progressive-stance-group?,T-test,-8.881497815263598,559,two-sided,8.983862195667405e-18,[-0.06 -0.04],0.1387685624172425,4.189e+14,0.9062905210903917,-0.047705772907295885,0.047705772907295885
3,positive-metalinguistic != conservative-stance-group?,T-test,0.8066338143305748,559,two-sided,0.42022052912252705,[-0.    0.01],0.00982722451167153,0.066,0.05619671298348608,0.003388325328266273,0.003388325328266273
