,label,index,T,dof,alternative,p-val,CI95%,cohen-d,BF10,power,means-difference,means-difference-abs,pivot,a,b,pivot-mean,a-mean,b-mean
0,positive-metalinguistic closer to progressive-group or conservative-group?,T-test,-0.7441613521711956,2079,two-sided,0.45686296465954646,[-0.01  0.  ],0.01331169308333604,0.033,0.09313804481492612,-0.0014062980909081146,0.0014062980909081146,positive-metalinguistic,progressive-group,conservative-group,0.26582909224648704,0.24635143812688726,0.22297580602115907
1,positive-metalinguistic closer to progressive-stance-group or conservative-stance-group?,T-test,30.826392259085562,2079,two-sided,3.5783782763243974e-172,[0.07 0.08],0.8223559514740517,1.362e+168,1.0,0.07902447136098276,0.07902447136098276,positive-metalinguistic,progressive-stance-group,conservative-stance-group,0.26582909224648704,0.35280173387738567,0.24499099903242738
