way_of_asking,correct,accurate,linguistically valid,grammatical,standard,articulate,natural,progressive,liberal,conservative,inclusive,traditional-values,avoid-misgendering,avoid-overly-PC,gender-continuum,biological-differences
best_complete,0.2719309311607551,0.3033894921450677,0.25208033604946467,0.251456793546053,0.26381342191140283,0.25637409611242523,0.2617585748002408,0.2511524027364296,0.24155047351734493,0.22297580602115907,0.3784597272221257,0.22029337885794947,0.3799311394252353,0.28756805287216486,0.300014334984796,0.22711156536716792
