,label,index,T,dof,alternative,p-val,CI95%,cohen-d,BF10,power,means-difference,means-difference-abs,a,b,a-mean,b-mean
0,progressive-group > conservative-group?,T-test,24.923875197578536,1599,greater,2.0475601922985818e-116,[0.03  inf],0.1795827514300569,3.443e+112,0.9999999999996598,0.033024715713732666,0.033024715713732666,progressive-group,conservative-group,0.3697844949569288,0.3367597792431961
1,progressive-stance-group > conservative-stance-group?,T-test,8.934902156882332,1599,greater,5.476707062922764e-19,[0.01  inf],0.11243794658633507,4.335e+15,0.9978192533639464,0.017773967474564722,0.017773967474564722,progressive-stance-group,conservative-stance-group,0.3156368990814582,0.2978629316068935
