way_of_asking,correct,accurate,linguistically valid,grammatical,standard,articulate,natural,progressive,liberal,conservative,inclusive,traditional-values,avoid-misgendering,avoid-overly-PC,gender-continuum,biological-differences
best_complete,0.21064900798680178,0.2383184296209341,0.2326561544561321,0.2115785731017102,0.24700622817536722,0.26192120983629263,0.24632279688236436,0.36349024929173496,0.3760787406221225,0.3367597792431961,0.2841375942651496,0.2708656040414928,0.36658110437739594,0.2944337852622939,0.29619199860182893,0.32828940551689373
