,label,index,T,dof,alternative,p-val,CI95%,cohen-d,BF10,power,means-difference,means-difference-abs
0,positive-metalinguistic != progressive-group?,T-test,-46.679423151162155,1599,two-sided,7.551939166977451e-301,[-0.14 -0.13],0.8018227809994132,4.052e+296,1.0,-0.1342912949484141,0.1342912949484141
1,positive-metalinguistic != conservative-group?,T-test,-36.344963069559206,1599,two-sided,2.400561122682683e-211,[-0.11 -0.1 ],0.6214772725010241,1.777e+207,1.0,-0.10126657923468144,0.10126657923468144
2,positive-metalinguistic != progressive-stance-group?,T-test,-40.56792546928285,1599,two-sided,5.4179344356003314e-248,[-0.08 -0.08],0.5364706106351551,6.797e+243,1.0,-0.08014369907294353,0.08014369907294353
3,positive-metalinguistic != conservative-stance-group?,T-test,-32.7449632771485,1599,two-sided,2.0825272519559764e-180,[-0.07 -0.06],0.4072500792225557,2.355e+176,1.0,-0.0623697315983788,0.0623697315983788
