way_of_asking,correct,accurate,linguistically valid,grammatical,standard,articulate,natural,progressive,liberal,conservative,inclusive,traditional-values,avoid-misgendering,avoid-overly-PC,gender-continuum,biological-differences
best_complete,0.4523427533575723,0.4771086905725972,0.38813401778372386,0.410834043224009,0.45202055144885245,0.5103227186575806,0.4066940382225075,0.5909321039082646,0.512512987153693,0.34957789513294696,0.802464211149358,0.35397608791038737,0.8447767411589082,0.4856414135180467,0.7224654581637298,0.37694401262478117
