,label,index,T,dof,alternative,p-val,CI95%,cohen-d,BF10,power,means-difference,means-difference-abs
0,progressive-stance-group != progressive-group?,T-test,23.47410343254787,559,two-sided,2.5674263635405577e-85,[0.22 0.26],0.7122785708232184,4.224e+81,1.0,0.2381795912930198,0.2381795912930198
1,progressive-stance-group != conservative-group?,T-test,32.78840270066782,559,two-sided,2.5722411662171008e-132,[0.41 0.47],1.2854747509605524,2.727e+128,1.0,0.4403242416910516,0.4403242416910516
2,conservative-stance-group != progressive-group?,T-test,-18.114533043998197,559,two-sided,4.7972838069895764e-58,[-0.16 -0.13],0.38560263703382347,3.194e+54,1.0,-0.14620204084657368,0.14620204084657368
3,conservative-stance-group != conservative-group?,T-test,7.29162580885281,559,two-sided,1.0523485645200391e-12,[0.04 0.07],0.14479530913805286,4.475e+09,0.9279409347287557,0.05594260955145813,0.05594260955145813
