way_of_asking,correct,accurate,linguistically valid,grammatical,standard,articulate,natural,progressive,liberal,conservative,inclusive,traditional-values,avoid-misgendering,avoid-overly-PC,gender-continuum,biological-differences
best_complete,0.06004188859598379,0.056419190540796464,0.05910430461025902,0.053883956464594734,0.07164807800466365,0.08674697989702429,0.05916278058544844,0.0786250007727317,0.08310999613596622,0.06510454887327295,0.11600258995672849,0.05273389233770943,0.22022296734675773,0.06280646162864255,0.1552023292120455,0.026659257476984038
