way_of_asking,correct,accurate,linguistically valid,grammatical,standard,articulate,natural,progressive,liberal,conservative,inclusive,traditional-values,avoid-misgendering,avoid-overly-PC,gender-continuum,biological-differences
best_complete,0.23445514781249074,0.26032221805976563,0.21510568076602787,0.20776123547907582,0.23806309213506538,0.23208607825833377,0.22963682429641666,0.31380817655888527,0.27587542560005984,0.2124739603934583,0.35300426608624175,0.23967368055425886,0.27975202967405743,0.2639675876607954,0.2556622739676407,0.19409145672625552
