way_of_asking,correct,accurate,linguistically valid,grammatical,standard,articulate,natural,progressive,liberal,conservative,inclusive,traditional-values,avoid-misgendering,avoid-overly-PC,gender-continuum,biological-differences
best_complete,0.018219043617212535,0.03272460200680343,0.021293825962673544,0.021491651712678098,0.014503130488043409,0.028385452251038078,0.019117550781776335,0.03991222972689504,0.04247472890873323,0.06118083326011019,0.02059209716271956,0.03157208022286548,0.05022605151636613,0.03905686093182314,0.01666537838924028,0.019236989655570427
