,label,index,T,dof,alternative,p-val,CI95%,cohen-d,BF10,power,means-difference,means-difference-abs
0,positive-metalinguistic != progressive-group?,T-test,-20.724832806839384,1599,two-sided,1.0550353024877496e-84,[-0.02 -0.02],0.41178114806742805,8.479e+80,1.0,-0.018945585486353354,0.018945585486353354
1,positive-metalinguistic != conservative-group?,T-test,-22.346034717195387,1599,two-sided,1.7662290271480198e-96,[-0.04 -0.04],0.5988248845431255,4.6e+92,1.0,-0.03893293942864941,0.03893293942864941
2,positive-metalinguistic != progressive-stance-group?,T-test,-10.78548444962551,1599,two-sided,3.1417875264578266e-26,[-0.01 -0.01],0.21069225048466156,6.165e+22,1.0,-0.006913281857981211,0.006913281857981211
3,positive-metalinguistic != conservative-stance-group?,T-test,-13.430196602510726,1599,two-sided,4.8256920877842e-39,[-0.01 -0.01],0.2368763408672396,3.135e+35,1.0,-0.007707416438625565,0.007707416438625565
