,label,index,T,dof,alternative,p-val,CI95%,cohen-d,BF10,power,means-difference,means-difference-abs
0,progressive-stance-group != progressive-group?,T-test,-11.798157639384423,1599,two-sided,7.293157395118538e-31,[-0.01 -0.01],0.2478008673473398,2.404e+27,1.0,-0.012032303628372144,0.012032303628372144
1,progressive-stance-group != conservative-group?,T-test,-17.82189547765191,1599,two-sided,6.000904279840573e-65,[-0.04 -0.03],0.47903107893101965,1.8e+61,1.0,-0.0320196575706682,0.0320196575706682
2,conservative-stance-group != progressive-group?,T-test,-12.32969968095739,1599,two-sided,1.9640115658964044e-33,[-0.01 -0.01],0.2323315015746182,8.494e+29,1.0,-0.01123816904772779,0.01123816904772779
3,conservative-stance-group != conservative-group?,T-test,-19.658300436988892,1599,two-sided,3.1120219204437786e-77,[-0.03 -0.03],0.46809105023793146,3.073e+73,1.0,-0.031225522990023843,0.031225522990023843
