,label,index,T,dof,alternative,p-val,CI95%,cohen-d,BF10,power,means-difference,means-difference-abs,pivot,a,b,pivot-mean,a-mean,b-mean
0,progressive-stance-group closer to progressive-group or conservative-group?,T-test,-10.314569387478153,1599,two-sided,3.405199463053614e-24,[-0.01 -0.01],0.13066235717686606,5.973e+20,0.9994495454072364,-0.007607978955814491,0.007607978955814491,progressive-stance-group,progressive-group,conservative-group,0.15095237325218488,0.12134945681264692,0.09845377844918549
1,conservative-stance-group closer to progressive-group or conservative-group?,T-test,38.66820463318984,1599,two-sided,1.728319835046411e-231,[0.02 0.02],0.8023759164520671,2.271e+227,1.0,0.021526757288564517,0.021526757288564517,conservative-stance-group,progressive-group,conservative-group,0.07706833798538235,0.12134945681264692,0.09845377844918549
