way_of_asking,correct,accurate,linguistically valid,grammatical,standard,articulate,natural,progressive,liberal,conservative,inclusive,traditional-values,avoid-misgendering,avoid-overly-PC,gender-continuum,biological-differences
best_complete,0.0740052980110488,0.07604452294624348,0.08248942892631535,0.06538238063637695,0.08687757347199138,0.11475963508903739,0.07622366590804712,0.11616107060348525,0.12653784302180857,0.09845377844918549,0.11420423453227267,0.09426112733329522,0.21031577024580014,0.08846017303491037,0.12833711497848185,0.04848371358794145
