way_of_asking,p(reform)
best_complete,0.3384763492012257
best_refer,0.3433080205078473
direct,0.349872380262924
likely_complete,0.30039088391733615
likely_refer,0.30109690535324857
