context,p(reform)
choices-all-terms,0.28874969903624204
ideology-declaration,0.34672647422155417
individual-declaration,0.4114465635883201
null_context,0.2595928945479492
