way_of_asking,p(reform)
best_complete,0.28480427646958995
best_refer,0.32085687120176415
direct,0.42959469281357826
likely_complete,0.24783308596097664
likely_refer,0.2851101744078859
