context,p(reform)
choices-all-terms,0.2491568826687087
ideology-declaration,0.3497437363457895
individual-declaration,0.4036907972574576
null_context,0.25196786441108016
