"","Estimate","Std. Error","z value","Pr(>|z|)"
"(Intercept)",-0.783754591765379,0.504053299625339,-1.55490419832177,0.119968887353097
"metalinguistic",-1.12024098832352,0.0277984216268211,-40.2987264299445,0
"refer",0.22271626704784,0.0212868934597933,10.4626007298108,1.28285291139132e-25
"best",0.218663237440845,0.0212868181446012,10.2722368348086,9.39994731889695e-25
"choices",0.134209325183934,0.0270800863995098,4.9560153983247,7.19535161394141e-07
"individual_declaration",0.908503440559625,0.0267697190910146,33.9377278286259,1.85071737317978e-252
"ideology_declaration",0.651206585288699,0.0268677942739958,24.2374412520709,8.97010909298293e-130
