way_of_asking,p(reform)
best_complete,0.3710348258188854
best_refer,0.3983599977337239
direct,0.44774741786468547
likely_complete,0.36368269322745805
likely_refer,0.3579670279541717
