way_of_asking,null_context,choices-all-terms,individual-declaration,ideology-declaration
direct,0.38348903556361513,0.4266455408028617,0.47433840551479317,0.5065166895774716
likely_complete,0.2551838568971359,0.37145952587574366,0.3885046838123761,0.4395827063245764
best_complete,0.2266375388869512,0.4064582343215848,0.40675533670235337,0.4442881933646524
likely_refer,0.26633860051511316,0.41495689568136096,0.3450579875542837,0.405514628065929
best_refer,0.2511849037805374,0.4634674649624552,0.42611954266671576,0.452668079525187
