context,p(reform)
choices-all-terms,0.41659753232880126
ideology-declaration,0.44971405937156333
individual-declaration,0.40815519125010447
null_context,0.27656678712867055
