"","Estimate","Std. Error","z value","Pr(>|z|)"
"(Intercept)",-0.784167210708647,0.299629133850556,-2.61712604722797,0.00886735900606373
"metalinguistic",-0.430370521320867,0.0232495788242581,-18.5108953832672,1.68673525957837e-76
"refer",0.0536649669604878,0.0177084793570976,3.03046726250827,0.00244175656306181
"best",0.126340646297096,0.0177097816683936,7.13394714078121,9.75307984449259e-13
"choices",0.745673749843812,0.0227036043490777,32.8438488611216,1.39430658837104e-236
"individual_declaration",0.717570366439597,0.0227165105235296,31.5880542346653,5.38695412304708e-219
"ideology_declaration",0.868505587405675,0.0226561741618453,38.3341680374396,0
