way_of_asking,correct,accurate,linguistically valid,grammatical,standard,articulate,natural,progressive,liberal,conservative,inclusive,traditional-values,avoid-misgendering,avoid-overly-PC,gender-continuum,biological-differences
best_complete,0.25035494404319514,0.2652488729111627,0.24947765609724729,0.2478543280171672,0.26984481994969217,0.25760641534428047,0.25164114313203256,0.25768291701463464,0.2517529657032375,0.22323610294641938,0.2647313215383491,0.2432120394189225,0.2506609837293758,0.24777143530957582,0.26043175405641417,0.24806517404601258
