,label,index,T,dof,alternative,p-val,CI95%,cohen-d,BF10,power,means-difference,means-difference-abs,pivot,a,b,pivot-mean,a-mean,b-mean
0,progressive-stance-group closer to progressive-group or conservative-group?,T-test,4.866856480439949,1599,two-sided,1.2457476041641676e-06,[0.01 0.01],0.11878296822886769,3517.183,0.9973523474228576,0.008485343152201043,0.008485343152201043,progressive-stance-group,progressive-group,conservative-group,0.12074976637287463,0.15203438288595955,0.10075524376942994
1,conservative-stance-group closer to progressive-group or conservative-group?,T-test,27.15368310360136,1599,two-sided,7.667933656601236e-134,[0.04 0.05],0.46370958422530373,8.212e+129,1.0,0.042325896904699054,0.042325896904699054,conservative-stance-group,progressive-group,conservative-group,0.06617776645486133,0.15203438288595955,0.10075524376942994
