way_of_asking,null_context,choices-pronoun,individual-declaration,ideology-declaration
direct,0.013238229129316326,0.03186485845913739,0.8532493740411167,0.05565003712343225
likely_complete,0.06800475679701844,0.03340479774446653,0.4790468605182942,0.1767196803037749
best_complete,0.1393286794860719,0.07806165697450335,0.594959891859616,0.28407631618323614
likely_refer,0.016044293618810244,0.02134625826875138,0.6575414070810081,0.06699894956447361
best_refer,0.04152012961154833,0.05214086279719306,0.7012085267374314,0.11841677038272262
