context,p(reform)
choices-pronoun,0.04336368684881034
ideology-declaration,0.1403723507115279
individual-declaration,0.6572012120474933
null_context,0.05562721772855305
