way_of_asking,p(reform)
best_complete,0.27410663612585684
best_refer,0.2283215723822239
direct,0.2385006246882507
likely_complete,0.18929402384088853
likely_refer,0.1904827271332608
