"","Estimate","Std. Error","z value","Pr(>|z|)"
"(Intercept)",-1.25067530358802,0.0669512452782582,-18.6803889664792,7.14962736785498e-78
"metalinguistic",0.341512149513122,0.0165151996433104,20.6786570485967,5.39210921189948e-95
