way_of_asking,correct,accurate,linguistically valid,grammatical,standard,articulate,natural,progressive,liberal,conservative,inclusive,traditional-values,avoid-misgendering,avoid-overly-PC,gender-continuum,biological-differences
best_complete,0.10629470403369048,0.13142014928822135,0.09368512944985245,0.0629838393823086,0.10472205925718404,0.10069415191486264,0.10420303836019446,0.29249434414761183,0.22717079258603604,0.10414797182451792,0.8775845774854115,0.1263035188266845,0.9638934760231038,0.21683166719176994,0.9517965681876303,0.020839040858224713
