way_of_asking,correct,accurate,linguistically valid,grammatical,standard,articulate,natural,progressive,liberal,conservative,inclusive,traditional-values,avoid-misgendering,avoid-overly-PC,gender-continuum,biological-differences
best_complete,0.26575378178062753,0.2968238318126069,0.2549780918638384,0.244280525580815,0.3008362489479026,0.28753183214071726,0.2811588266009182,0.2855977489394377,0.278323838062378,0.2387085363842861,0.3331135834762439,0.2824398187074702,0.29198391052993417,0.27239699533304645,0.3023580300582936,0.294441302941034
