,label,index,T,dof,alternative,p-val,CI95%,cohen-d,BF10,power,means-difference,means-difference-abs
0,progressive-stance-group != progressive-group?,T-test,11.050814049465378,559,two-sided,8.19012789753053e-26,[0.02 0.03],0.08092111559809134,3.538e+22,0.4807881718859099,0.027191047853916073,0.027191047853916073
1,progressive-stance-group != conservative-group?,T-test,13.781914498049955,559,two-sided,2.07573632170236e-37,[0.06 0.08],0.218425998775864,1.057e+34,0.9993129364890287,0.07044330497053777,0.07044330497053777
2,conservative-stance-group != progressive-group?,T-test,0.5214841977988752,559,two-sided,0.6022360503397481,[-0.    0.01],0.003375714230811588,0.054,0.05072881290589738,0.0011319121596090609,0.0011319121596090609
3,conservative-stance-group != conservative-group?,T-test,7.824112195104567,559,two-sided,2.5690444138888995e-14,[0.03 0.06],0.13793941634060075,1.694e+11,0.9029706627528504,0.04438416927623076,0.04438416927623076
