way_of_asking,null_context,choices-all-terms,individual-declaration,ideology-declaration
direct,0.3017657381882727,0.4357902822393342,0.3365103375135635,0.22832476779663866
likely_complete,0.25182319910178513,0.4038148138356127,0.3072377067055693,0.23493052465384867
best_complete,0.24156011875377265,0.4099019673833943,0.28273515076125005,0.23354942000986925
likely_refer,0.24007218877167152,0.3620596697656675,0.313710223609566,0.2454924718004661
best_refer,0.2826270678210212,0.38920812320487574,0.3271197720349896,0.30537948368568507
