context,p(reform)
choices-all-terms,0.40015497128577693
ideology-declaration,0.24953533358930155
individual-declaration,0.3134626381249877
null_context,0.2635696625273046
