way_of_asking,p(reform)
best_complete,0.29193666422707154
best_refer,0.3260836116866429
direct,0.3255977814344523
likely_complete,0.29945156107420395
likely_refer,0.29033363848684274
