"","Estimate","Std. Error","z value","Pr(>|z|)"
"(Intercept)",-1.18743562443617,0.34527917743463,-3.43905946851076,0.000583738988301452
"metalinguistic",-0.172427048789407,0.0261568716521063,-6.59203635215765,4.3383432793136e-11
"refer",0.0977551966639629,0.0197971044330219,4.93785326004069,7.89872393219831e-07
"best",0.057015755760019,0.0197967650684685,2.88005416858896,0.00397606851014221
"choices",0.803218013639885,0.0249487073173084,32.1947748003218,2.08860400610212e-227
"individual_declaration",0.303250178498625,0.0251160311203314,12.0739688944383,1.44970009143304e-33
"ideology_declaration",-0.0294753804944093,0.0253048274020656,-1.16481254845482,0.24409487834551
