,label,index,T,dof,alternative,p-val,CI95%,cohen-d,BF10,power,means-difference,means-difference-abs,a,b,a-mean,b-mean
0,progressive-group > conservative-group?,T-test,10.025233403329372,479,greater,6.681167154808775e-22,[0.04  inf],0.16224934878375002,5.18e+18,0.9715985812761603,0.04500358391678419,0.04500358391678419,progressive-group,conservative-group,0.25058630920229397,0.20558272528550978
1,progressive-stance-group > conservative-stance-group?,T-test,7.750006173920756,479,greater,2.7725247305157885e-14,[0.02  inf],0.06987246589813462,1.692e+11,0.4537522764342041,0.02123117887443554,0.02123117887443554,progressive-stance-group,conservative-stance-group,0.26933087512812093,0.2480996962536854
