way_of_asking,correct,accurate,linguistically valid,grammatical,standard,articulate,natural,progressive,liberal,conservative,inclusive,traditional-values,avoid-misgendering,avoid-overly-PC,gender-continuum,biological-differences
best_complete,0.22389760326872868,0.2511601785231502,0.21409874979091803,0.20166644953847887,0.2589302954799931,0.2451177878893803,0.23918508919770443,0.2532874599139268,0.2478851584906612,0.20558272528550978,0.2853830502527773,0.25103669378000526,0.25445593893981383,0.23114746294802138,0.2681536361917716,0.26211493203302955
