,label,index,T,dof,alternative,p-val,CI95%,cohen-d,BF10,power,means-difference,means-difference-abs,pivot,a,b,pivot-mean,a-mean,b-mean
0,progressive-stance-group closer to progressive-group or conservative-group?,T-test,-14.56002947415069,1599,two-sided,3.43423447478471e-45,[-0.04 -0.03],0.2240175775914631,4.01e+41,0.9999999999986771,-0.0385441549716711,0.0385441549716711,progressive-stance-group,progressive-group,conservative-group,0.3779790286403925,0.27151955058372584,0.22223116073515892
1,conservative-stance-group closer to progressive-group or conservative-group?,T-test,-4.9080845116023255,1599,two-sided,1.0135721318155358e-06,[-0.02 -0.01],0.12338816295596262,4288.052,0.998523537073436,-0.013451486519668585,0.013451486519668585,conservative-stance-group,progressive-group,conservative-group,0.25377780993816895,0.27151955058372584,0.22223116073515892
