way_of_asking,correct,accurate,linguistically valid,grammatical,standard,articulate,natural,progressive,liberal,conservative,inclusive,traditional-values,avoid-misgendering,avoid-overly-PC,gender-continuum,biological-differences
best_complete,0.26365189299795283,0.3181597156682425,0.2547950126869119,0.2634814695295007,0.2650005071354096,0.24068019017255227,0.26410412896208263,0.2795741950304743,0.2634649061369774,0.22223116073515892,0.3977858837714319,0.23025414803857,0.3878491539545344,0.26972011508244714,0.34830204819521116,0.26135916669348963
