way_of_asking,correct,accurate,linguistically valid,grammatical,standard,articulate,natural,progressive,liberal,conservative,inclusive,traditional-values,avoid-misgendering,avoid-overly-PC,gender-continuum,biological-differences
best_complete,0.08913341351927602,0.0766941990302338,0.09639191022545673,0.08412020006037213,0.1086602655213261,0.0811728135131466,0.06891641960721186,0.14591314793367072,0.1581556178382484,0.10075524376942994,0.20420136522390928,0.09820848251104632,0.09165653764997055,0.08040107676824498,0.06639139624474405,0.019923740085292657
