,label,index,T,dof,alternative,p-val,CI95%,cohen-d,BF10,power,means-difference,means-difference-abs
0,positive-metalinguistic != progressive-group?,T-test,-31.903302919401312,1599,two-sided,2.9588961305091738e-173,[-0.07 -0.06],0.38375254186895047,1.717e+169,1.0,-0.06559306553209908,0.06559306553209908
1,positive-metalinguistic != conservative-group?,T-test,-8.651631339643348,1599,two-sided,1.2145633738236603e-17,[-0.02 -0.01],0.0934728318603797,2.022e+14,0.9621914045375033,-0.014313926415569472,0.014313926415569472
2,positive-metalinguistic != progressive-stance-group?,T-test,-21.438756956111504,1599,two-sided,7.892814556769168e-90,[-0.04 -0.03],0.22263738492543583,1.085e+86,1.0,-0.034308449019014156,0.034308449019014156
3,positive-metalinguistic != conservative-stance-group?,T-test,12.948472729068719,1599,two-sided,1.535394543667254e-36,[0.02 0.02],0.15823177375428682,1.028e+33,1.0,0.020263550898999144,0.020263550898999144
