,label,index,T,dof,alternative,p-val,CI95%,cohen-d,BF10,power,means-difference,means-difference-abs
0,progressive-stance-group != progressive-group?,T-test,-13.790646012926981,1599,two-sided,5.807815210373751e-41,[-0.04 -0.03],0.18185528724423417,2.526e+37,1.0,-0.03128461651308492,0.03128461651308492
1,progressive-stance-group != conservative-group?,T-test,9.699680705828214,1599,two-sided,1.1788459976183086e-21,[0.02 0.02],0.12952599951210322,1.844e+18,0.9993544509939178,0.019994522603444684,0.019994522603444684
2,conservative-stance-group != progressive-group?,T-test,-31.972262952229666,1599,two-sided,7.70161858969991e-174,[-0.09 -0.08],0.5756155717356642,6.576e+169,1.0,-0.08585661643109822,0.08585661643109822
3,conservative-stance-group != conservative-group?,T-test,-18.03465104383094,1599,two-sided,2.481271526025982e-66,[-0.04 -0.03],0.269329994790177,4.29e+62,1.0,-0.034577477314568617,0.034577477314568617
