,label,index,T,dof,alternative,p-val,CI95%,cohen-d,BF10,power,means-difference,means-difference-abs,pivot,a,b,pivot-mean,a-mean,b-mean
0,progressive-stance-group closer to progressive-group or conservative-group?,T-test,8.881363114217496,1599,two-sided,1.7350430274598766e-18,[0.   0.01],0.11020246010623114,1.377e+15,0.9927671254297452,0.004304218839332928,0.004304218839332928,progressive-stance-group,progressive-group,conservative-group,0.2204454762629188,0.20614905172546094,0.20646823439770062
1,conservative-stance-group closer to progressive-group or conservative-group?,T-test,0.3018763417853219,1599,two-sided,0.762785587954664,[-0.  0.],0.0035369620466742394,0.029,0.05229329162866363,0.00015745910531216045,0.00015745910531216045,conservative-stance-group,progressive-group,conservative-group,0.2518794877529573,0.20614905172546094,0.20646823439770062
