way_of_asking,correct,accurate,linguistically valid,grammatical,standard,articulate,natural,progressive,liberal,conservative,inclusive,traditional-values,avoid-misgendering,avoid-overly-PC,gender-continuum,biological-differences
best_complete,0.24736684494603087,0.22963875849697046,0.24214118849240052,0.2174663109392234,0.24295716766836684,0.20548934355748358,0.2157740385384901,0.20748064900989577,0.20481745444102614,0.20646823439770062,0.25381240871260735,0.2523201237160056,0.18892038739797407,0.249153530905945,0.21860363267817495,0.25416480863692126
