,label,index,T,dof,alternative,p-val,CI95%,cohen-d,BF10,power,means-difference,means-difference-abs
0,positive-metalinguistic != progressive-group?,T-test,15.946699391067552,1599,two-sided,3.050141418803737e-53,[0.02 0.03],0.10730993132294996,4.053e+49,0.9900930518067996,0.022541470080105597,0.022541470080105597
1,positive-metalinguistic != conservative-group?,T-test,15.558262123892149,1599,two-sided,6.221057936463117e-51,[0.02 0.03],0.10462772404704355,2.047e+47,0.9868796119837296,0.022222287407865915,0.022222287407865915
2,positive-metalinguistic != progressive-stance-group?,T-test,10.689856795814187,1599,two-sided,8.254080853951831e-26,[0.01 0.01],0.03685312375572873,2.37e+22,0.31352508479259183,0.008245045542647739,0.008245045542647739
3,positive-metalinguistic != conservative-stance-group?,T-test,-20.616929260886362,1599,two-sided,6.158226273126502e-84,[-0.03 -0.02],0.10328152639337604,1.462e+80,0.9849516115271394,-0.023188965947390783,0.023188965947390783
