,label,index,T,dof,alternative,p-val,CI95%,cohen-d,BF10,power,means-difference,means-difference-abs
0,progressive-stance-group != progressive-group?,T-test,10.601604379248945,1599,two-sided,1.9998103332937862e-25,[0.01 0.02],0.06927046959169715,9.87e+21,0.7907982674252608,0.014296424537457858,0.014296424537457858
1,progressive-stance-group != conservative-group?,T-test,11.582745762215787,1599,two-sided,7.546073113348699e-30,[0.01 0.02],0.06695331265704246,2.372e+26,0.7631788556472408,0.013977241865218176,0.013977241865218176
2,conservative-stance-group != progressive-group?,T-test,37.64859561678925,1599,two-sided,1.2222402108155786e-222,[0.04 0.05],0.22065689790736914,3.329e+218,1.0,0.04573043602749638,0.04573043602749638
3,conservative-stance-group != conservative-group?,T-test,41.37590772397875,1599,two-sided,5.19995155400819e-255,[0.04 0.05],0.21664382061424864,6.899e+250,1.0,0.0454112533552567,0.0454112533552567
