way_of_asking,null_context,choices-pronoun,individual-declaration,ideology-declaration
direct,0.01350225099528943,0.05767010488151142,0.7783555078130188,0.05639317718076386
likely_complete,0.08548157307599435,0.07840132464580518,0.739305042042536,0.09729451247319525
best_complete,0.06554907626691066,0.09229398984021671,0.6750657153117197,0.09654529418807556
likely_refer,0.044973823240585666,0.04778135189391785,0.6674587048666063,0.08681850111923214
best_refer,0.030192014745423178,0.06912981910786374,0.7536509538953808,0.10193327774400515
