context,p(reform)
choices-pronoun,0.06905531807386298
ideology-declaration,0.0877969525410544
individual-declaration,0.7227671847858523
null_context,0.04793974766484065
