way_of_asking,p(reform)
best_complete,0.23236351890173068
best_refer,0.23872651637316825
direct,0.22648026021764586
likely_complete,0.25012061305938266
likely_refer,0.2117580952800855
