,label,index,T,dof,alternative,p-val,CI95%,cohen-d,BF10,power,means-difference,means-difference-abs,pivot,a,b,pivot-mean,a-mean,b-mean
0,positive-metalinguistic closer to progressive-group or conservative-group?,T-test,3.4604135281737443,559,two-sided,0.0005805168616929966,[0.   0.02],0.15516829773708585,17.232,0.9559654641142571,0.010457525958024662,0.010457525958024662,positive-metalinguistic,progressive-group,conservative-group,0.25681733768572396,0.28585199938809686,0.24160046943798527
1,positive-metalinguistic closer to progressive-stance-group or conservative-stance-group?,T-test,21.270459057372616,559,two-sided,5.290835581990644e-74,[0.11 0.13],1.0802024193473212,2.337e+70,1.0,0.12084996229461022,0.12084996229461022,positive-metalinguistic,progressive-stance-group,conservative-stance-group,0.25681733768572396,0.40871156785356927,0.25710264239012437
