,label,index,T,dof,alternative,p-val,CI95%,cohen-d,BF10,power,means-difference,means-difference-abs,pivot,a,b,pivot-mean,a-mean,b-mean
0,progressive-stance-group closer to progressive-group or conservative-group?,T-test,-12.975773330215624,559,two-sided,7.657829584496416e-34,[-0.05 -0.04],0.3264397770299682,3.095e+30,0.999999995582288,-0.04396615045243216,0.04396615045243216,progressive-stance-group,progressive-group,conservative-group,0.40871156785356927,0.28585199938809686,0.24160046943798527
1,conservative-stance-group closer to progressive-group or conservative-group?,T-test,-1.250998313037898,559,two-sided,0.21145841506708532,[-0.01  0.  ],0.05603949737063857,0.103,0.2628659486487944,-0.0036542336873233716,0.0036542336873233716,conservative-stance-group,progressive-group,conservative-group,0.25710264239012437,0.28585199938809686,0.24160046943798527
