way_of_asking,correct,accurate,linguistically valid,grammatical,standard,articulate,natural,progressive,liberal,conservative,inclusive,traditional-values,avoid-misgendering,avoid-overly-PC,gender-continuum,biological-differences
best_complete,0.25190197946793913,0.29126687281448316,0.24624155481263524,0.24194612853958347,0.2505924826385874,0.2709345675922471,0.24483777793459213,0.29329400957942525,0.27840998919676857,0.24160046943798527,0.3918686772961339,0.2332293237652684,0.40956890196953055,0.2614976621444889,0.42469712429504347,0.2765809412606158
