way_of_asking,p(reform)
best_complete,0.39096007903149954
best_refer,0.41814775776148855
direct,0.37600429047427725
likely_complete,0.3388815184913693
likely_refer,0.3544301498507704
