context,p(reform)
choices-all-terms,0.38923190963194265
ideology-declaration,0.39309516479342393
individual-declaration,0.46751632966284923
null_context,0.25289563239930835
