way_of_asking,p(reform)
best_complete,0.41579391985688546
best_refer,0.4281062658909168
direct,0.49424778086360543
likely_complete,0.3975615963638213
likely_refer,0.3975637884609128
