way_of_asking,null_context,choices-all-terms,individual-declaration,ideology-declaration
direct,0.46299745922796903,0.446412890205717,0.5065523307196955,0.5610284433010401
likely_complete,0.31171021167456486,0.4019596116427878,0.4354292023130721,0.44114735982486053
best_complete,0.2990167840015255,0.43027994519348256,0.44878711808231714,0.4850918321502168
likely_refer,0.32441163557251,0.41231804168141944,0.4146768419608236,0.43884863462889806
best_refer,0.32620222309032415,0.4592405678440912,0.436541733388159,0.4904405392410928
