context,p(reform)
choices-all-terms,0.4300422113134996
ideology-declaration,0.48331136182922163
individual-declaration,0.44839744529281345
null_context,0.34486766271337876
