context,p(reform)
choices-pronoun,0.2030110972349701
ideology-declaration,0.25686659410507867
individual-declaration,0.2849169940476477
null_context,0.2021875479700637
