way_of_asking,null_context,choices-pronoun,individual-declaration,ideology-declaration
direct,0.22798909067682863,0.2491927444170508,0.3496896409740577,0.2841230564453091
likely_complete,0.21720126490722216,0.22138695049951387,0.2669085317411184,0.27307006900018743
best_complete,0.18791245737839485,0.174264345190879,0.2710404512488877,0.22936929074278856
likely_refer,0.19944117279420492,0.202413985856373,0.2735296920709942,0.26927727576977245
best_refer,0.17839375409366784,0.1677974602110337,0.2634166542031804,0.2284932785673356
