way_of_asking,p(reform)
best_complete,0.21564663614023755
best_refer,0.20952528676880436
direct,0.27774863312831155
likely_complete,0.24464170403701047
likely_refer,0.23616553162283616
