"","Estimate","Std. Error","z value","Pr(>|z|)"
"(Intercept)",-1.15520757644501,0.175591909806977,-6.5789339481238,4.73833190454605e-11
"metalinguistic",-0.315332872701309,0.0084469754350062,-37.3308618129156,5.18361918816752e-305
