way_of_asking,null_context,choices-all-terms,individual-declaration,ideology-declaration
direct,0.43527611146592937,0.48048139123102374,0.5320580269245344,0.4242469603391234
likely_complete,0.45620578106686277,0.4082404183210442,0.47884783198136327,0.43759465065621084
best_complete,0.415320435567283,0.43685443259726825,0.4660819480598007,0.4267033018666543
likely_refer,0.4741367841768191,0.40348330747710354,0.48604136754169197,0.4647987004038171
best_refer,0.49156093035337156,0.452753887524375,0.5005770681742884,0.47792117092235964
