way_of_asking,p(reform)
best_complete,0.43624002952275154
best_refer,0.4807032642435986
direct,0.46801562249015277
likely_complete,0.44522217050637025
likely_refer,0.45711503989985797
