context,p(reform)
choices-all-terms,0.4363626874301629
ideology-declaration,0.4462529568376331
individual-declaration,0.49272124853633575
null_context,0.45450000852605316
