"","Estimate","Std. Error","z value","Pr(>|z|)"
"(Intercept)",-0.244417826973138,0.386261125621336,-0.632778736353471,0.526878144375878
"metalinguistic",-0.038544143906796,0.0198399371831819,-1.9427553399448,0.0520457262824304
