"","Estimate","Std. Error","z value","Pr(>|z|)"
"(Intercept)",-0.295535784732379,0.389937622600041,-0.757905284342133,0.448507686569534
"metalinguistic",-0.125554343234991,0.023238535889933,-5.40285084351556,6.55899986164392e-08
"refer",0.154881674863406,0.0175696716870254,8.81528565942305,1.19380283578979e-18
"best",0.0386724573074664,0.0175677799925059,2.20132864391308,0.0277127664876649
"choices",-0.0729257558298211,0.0222107861921327,-3.28334869369245,0.00102581695042055
"individual_declaration",0.223136422006571,0.022239328435817,10.0334154716292,1.08690432448399e-23
"ideology_declaration",-0.0311541470571485,0.0222128710104853,-1.40252680720302,0.16075799117889
