way_of_asking,null_context,choices-all-terms,individual-declaration,ideology-declaration
direct,0.38939711023713375,0.6233697576017806,0.5344550329105089,0.7379615234209743
likely_complete,0.33801137070738785,0.5490148004157925,0.721732064479387,0.7937253684687763
best_complete,0.3355970560585287,0.6023586928376363,0.7738687477066795,0.8584305638208456
likely_refer,0.3296221053921648,0.5771806081270202,0.7979286048130407,0.772525364324954
best_refer,0.3504616715509096,0.6729941473410856,0.8155225087839637,0.8464387840329569
