"","Estimate","Std. Error","z value","Pr(>|z|)"
"(Intercept)",-1.03443156528558,0.234010046169839,-4.4204579342496,9.84919579901327e-06
"metalinguistic",-0.0487133232467081,0.029514014123029,-1.65051500767218,0.0988376463724217
"refer",0.175293719507106,0.0223499248531273,7.84314581185618,4.39397271373337e-15
"best",0.223750706406575,0.0223500973563016,10.0111736803459,1.36127868374224e-23
"choices",1.35933695585943,0.0281549900147652,48.280498595331,0
"individual_declaration",1.84140640244812,0.0283056113674122,65.0544649450002,0
"ideology_declaration",2.24219646420784,0.0284918237891562,78.6961368566797,0
