,label,index,T,dof,alternative,p-val,CI95%,cohen-d,BF10,power,means-difference,means-difference-abs,a,b,a-mean,b-mean
0,progressive-group > conservative-group?,T-test,22.016262307972074,559,greater,3.9859121024402723e-78,[0.13  inf],0.3944171126180644,2.963e+74,1.0,0.1455708377692993,0.1455708377692993,progressive-group,conservative-group,0.4441195832270919,0.2985487454577926
1,progressive-stance-group > conservative-stance-group?,T-test,48.88674204832353,559,greater,2.5323801081547172e-204,[0.43  inf],1.7237917817044255,1.702e+200,1.0,0.4400099335602121,0.4400099335602121,progressive-stance-group,conservative-stance-group,0.7816037405052719,0.3415938069450598
