way_of_asking,correct,accurate,linguistically valid,grammatical,standard,articulate,natural,progressive,liberal,conservative,inclusive,traditional-values,avoid-misgendering,avoid-overly-PC,gender-continuum,biological-differences
best_complete,0.3796342479675494,0.4720892860368712,0.3786894474916957,0.36679296687541124,0.3992458789150601,0.40139355793757225,0.3608044075307317,0.46528745289724327,0.4229517135569406,0.2985487454577926,0.7093621851486603,0.2589153004933397,0.8007662114531903,0.396420991902909,0.8346828249139652,0.3694451284389308
