,label,index,T,dof,alternative,p-val,CI95%,cohen-d,BF10,power,means-difference,means-difference-abs
0,progressive-stance-group != progressive-group?,T-test,27.811744240377248,559,two-sided,1.597079046724546e-107,[0.31 0.36],1.0660652814717342,5.43e+103,1.0,0.33748415727818004,0.33748415727818004
1,progressive-stance-group != conservative-group?,T-test,43.18084315265563,559,two-sided,3.3904174183048534e-180,[0.46 0.51],1.681893990791531,1.473e+176,1.0,0.48305499504747934,0.48305499504747934
2,conservative-stance-group != progressive-group?,T-test,-9.859225088706925,559,two-sided,3.0029574084275306e-21,[-0.12 -0.08],0.29734980138396927,1.108e+18,1.0,-0.10252577628203208,0.10252577628203208
3,conservative-stance-group != conservative-group?,T-test,5.199013843596043,559,two-sided,2.814366529554945e-07,[0.03 0.06],0.13533873132177932,2.397e+04,0.8919988651791803,0.04304506148726722,0.04304506148726722
