,label,index,T,dof,alternative,p-val,CI95%,cohen-d,BF10,power,means-difference,means-difference-abs
0,positive-metalinguistic != progressive-group?,T-test,-7.429547273113916,559,two-sided,4.1028489960470833e-13,[-0.06 -0.04],0.13400404261146487,1.124e+10,0.8860331051312507,-0.050026755690678826,0.050026755690678826
1,positive-metalinguistic != conservative-group?,T-test,15.646751063835667,559,two-sided,4.943507768092835e-46,[0.08 0.11],0.2739437435481594,3.763e+42,1.0,0.09554408207862047,0.09554408207862047
2,positive-metalinguistic != progressive-stance-group?,T-test,-34.70436335402742,559,two-sided,1.4371645092132266e-141,[-0.41 -0.37],1.3241758816029878,4.544e+137,1.0,-0.38751091296885887,0.38751091296885887
3,positive-metalinguistic != conservative-stance-group?,T-test,7.26149771915299,559,two-sided,1.2903633619397698e-12,[0.04 0.07],0.16255084638000267,3.666e+09,0.9699510051117185,0.05249902059135325,0.05249902059135325
