,label,index,T,dof,alternative,p-val,CI95%,cohen-d,BF10,power,means-difference,means-difference-abs,a,b,a-mean,b-mean
0,progressive-group > conservative-group?,T-test,20.473027772643334,479,greater,1.0936430116720063e-67,[0.14  inf],0.4073029231558618,1.253e+64,1.0,0.1486298365976832,0.1486298365976832,progressive-group,conservative-group,0.4429965126317101,0.2943666760340269
1,progressive-stance-group > conservative-stance-group?,T-test,51.91395273989956,479,greater,3.9761203867003783e-199,[0.46  inf],1.977452697874549,1.08e+195,1.0,0.477797056579817,0.477797056579817,progressive-stance-group,conservative-stance-group,0.8004799742547949,0.32268291767497786
