,label,index,T,dof,alternative,p-val,CI95%,cohen-d,BF10,power,means-difference,means-difference-abs,a,b,a-mean,b-mean
0,progressive-group > conservative-group?,T-test,24.757943515374468,1599,greater,4.0269046107610583e-115,[0.07  inf],0.6178556247747938,1.766e+111,1.0,0.07342418957800269,0.07342418957800269,progressive-group,conservative-group,0.09665627760720205,0.02323208802919936
1,progressive-stance-group > conservative-stance-group?,T-test,168.7050699739115,1599,greater,0.0,[0.76  inf],5.250917984397588,inf,1.0,0.7712933126099693,0.7712933126099693,progressive-stance-group,conservative-stance-group,0.8061118322897869,0.03481851967981768
