way_of_asking,correct,accurate,linguistically valid,grammatical,standard,articulate,natural,progressive,liberal,conservative,inclusive,traditional-values,avoid-misgendering,avoid-overly-PC,gender-continuum,biological-differences
best_complete,0.05107456959662844,0.055012259283287256,0.038600134685266504,0.026276427683322626,0.043028910733207366,0.0346802917695441,0.031754722183332945,0.11144371910010133,0.08186883611430278,0.02323208802919936,0.6068315412360008,0.04557756533299729,0.8843723427749733,0.039558001921191,0.9271316128583869,0.019319991785264744
