way_of_asking,p(reform)
best_complete,0.6425637651059225
best_refer,0.671354277927229
direct,0.5712958560425994
likely_complete,0.6006209010178358
likely_refer,0.619314170664295
