context,p(reform)
choices-all-terms,0.6049836012646631
ideology-declaration,0.8018163208137014
individual-declaration,0.728701391738716
null_context,0.34861786278922496
