,label,index,T,dof,alternative,p-val,CI95%,cohen-d,BF10,power,means-difference,means-difference-abs,pivot,a,b,pivot-mean,a-mean,b-mean
0,progressive-stance-group closer to progressive-group or conservative-group?,T-test,-8.609202440941521,479,two-sided,1.0660199031348685e-16,[-0.04 -0.03],0.34604521511423164,3.896e+13,1.0,-0.035402294473975957,0.035402294473975957,progressive-stance-group,progressive-group,conservative-group,0.29613952324264664,0.29484180107947255,0.2124739603934583
1,conservative-stance-group closer to progressive-group or conservative-group?,T-test,4.344033371446925,479,two-sided,1.7087439647628396e-05,[0.01 0.03],0.2396047827537021,507.242,0.9994790378978482,0.02383096667021893,0.02383096667021893,conservative-stance-group,progressive-group,conservative-group,0.2325775749804366,0.29484180107947255,0.2124739603934583
