way_of_asking,p(reform)
best_complete,0.36121543322277033
best_refer,0.36911573863270664
direct,0.3909681575429045
likely_complete,0.34153297144578404
likely_refer,0.3221875661207429
