context,p(reform)
choices-all-terms,0.391268500992867
ideology-declaration,0.3939114344437102
individual-declaration,0.38211374604612847
null_context,0.26072221208922103
