way_of_asking,null_context,choices-all-terms,individual-declaration,ideology-declaration
direct,0.325579496217667,0.40816553758351976,0.40493823311811794,0.4251893632523131
likely_complete,0.2567420309504865,0.349140347671279,0.3760010689751453,0.3842484381862252
best_complete,0.23789431686926577,0.3907549166827531,0.40418299358444343,0.4120295057546191
likely_refer,0.23416736237081734,0.38488523612032444,0.32125605592131845,0.34844161007051117
best_refer,0.24922785403786862,0.42339646690645855,0.40419037863161716,0.3996482549548822
