context,p(reform)
choices-all-terms,0.4513674973505608
ideology-declaration,0.16294536914177074
individual-declaration,0.18112767441713165
null_context,0.1833889537569277
