way_of_asking,p(reform)
best_complete,0.23362252930978755
best_refer,0.24565699803154809
direct,0.2446325926277909
likely_complete,0.2479285292148435
likely_refer,0.2516962191490186
