way_of_asking,null_context,choices-all-terms,individual-declaration,ideology-declaration
direct,0.19459727388039133,0.41211287911901,0.1950821055467167,0.17673811196504552
likely_complete,0.18406412045055742,0.4588859097876329,0.178417185556614,0.17034690106456984
best_complete,0.17142957466118747,0.4497820846830695,0.15900006216852317,0.15427839572637012
likely_refer,0.1890216895681086,0.46684852031320145,0.19206581414518523,0.158848852569579
best_refer,0.17783211022439366,0.4692080928498903,0.18107320466861912,0.1545145843832893
