"","Estimate","Std. Error","z value","Pr(>|z|)"
"(Intercept)",-1.88688898948427,0.382577485836015,-4.93204398936598,8.13735845932322e-07
"metalinguistic",-0.0658972231431313,0.0249582505775824,-2.64029816265729,0.00828331162334934
"refer",0.0804760282688339,0.0189011022833976,4.25774259417253,2.06501520736388e-05
"best",-0.0597492865150948,0.0189008910350146,-3.16118887751943,0.00157126575378329
"choices",1.81146696703071,0.0235825980473362,76.813715070521,0
"individual_declaration",0.108399047960035,0.0244464332291552,4.43414574813132,9.24380781315555e-06
"ideology_declaration",-0.0349310666869284,0.0245949965282534,-1.42025092976945,0.155534641320219
