way_of_asking,correct,accurate,linguistically valid,grammatical,standard,articulate,natural,progressive,liberal,conservative,inclusive,traditional-values,avoid-misgendering,avoid-overly-PC,gender-continuum,biological-differences
best_complete,0.21196080095275746,0.25577827451021334,0.20395216755065823,0.19834113725051855,0.2096519916569881,0.2371547594525756,0.1997770633235771,0.2678920737220905,0.24963524805284035,0.20661793891620128,0.3723332051743551,0.19192812335125042,0.388565896895431,0.22355231608081544,0.41042756900387123,0.24387959342423743
