context,p(reform)
choices-all-terms,0.41240553082599507
ideology-declaration,0.463992380463087
individual-declaration,0.42161526504142427
null_context,0.3126463850791301
