way_of_asking,p(reform)
best_complete,0.3832489979872965
best_refer,0.4064571645606184
direct,0.47583243000655967
likely_complete,0.3769039838341332
likely_refer,0.37088187537343786
