way_of_asking,null_context,choices-all-terms,individual-declaration,ideology-declaration
direct,0.43586644241635664,0.4239841340703146,0.49483347286862633,0.5486456706709408
likely_complete,0.28906541067110225,0.3701760046255678,0.4003237064033776,0.44805081363648525
best_complete,0.2623313940342411,0.403685852076463,0.41690732302055306,0.45007142281792867
likely_refer,0.29454445674189395,0.4096580586001782,0.3635599726195721,0.4157650135321071
best_refer,0.2814242215320566,0.45452360475745185,0.43245185029499233,0.45742898165797297
