,label,index,T,dof,alternative,p-val,CI95%,cohen-d,BF10,power,means-difference,means-difference-abs,pivot,a,b,pivot-mean,a-mean,b-mean
0,positive-metalinguistic closer to progressive-group or conservative-group?,T-test,-15.584943102100267,1599,two-sided,4.330601930929305e-51,[-0.02 -0.02],0.3397408890571374,2.934e+47,1.0,-0.018608139690555404,0.018608139690555404,positive-metalinguistic,progressive-group,conservative-group,0.02224789383146078,0.041193479317814134,0.06118083326011019
1,positive-metalinguistic closer to progressive-stance-group or conservative-stance-group?,T-test,1.0653652372636402,1599,two-sided,0.2868715219736801,[-0.  0.],0.024245011325589347,0.05,0.16260410835280928,0.0005134089357761457,0.0005134089357761457,positive-metalinguistic,progressive-stance-group,conservative-stance-group,0.02224789383146078,0.02916117568944199,0.029955310270086345
