way_of_asking,p(reform)
best_complete,0.14044160789072177
best_refer,0.13324678321614755
direct,0.2086133786564519
likely_complete,0.1246299782009062
likely_refer,0.10806748249829065
