way_of_asking,null_context,choices-pronoun,individual-declaration,ideology-declaration
direct,0.05485782484431812,0.0802763037878604,0.6667158547460517,0.03260353124757746
likely_complete,0.030946295523794617,0.019855702353498275,0.4338557300667135,0.013862184859618385
best_complete,0.03531791654809706,0.022734999027890005,0.4851328412651204,0.01858067472177951
likely_refer,0.025556826677962826,0.014489423775672028,0.3628417893498635,0.029381890189664216
best_refer,0.014770737109174575,0.009326559540637552,0.49367563915963847,0.015214197055139538
