context,p(reform)
choices-pronoun,0.02933659769711165
ideology-declaration,0.021928495614755822
individual-declaration,0.4884443709174775
null_context,0.032289920140669434
