"","Estimate","Std. Error","z value","Pr(>|z|)"
"(Intercept)",-1.24229711209457,0.0469869437788905,-26.4391980448978,4.85710793414618e-154
"metalinguistic",-0.441489205446567,0.0153193068318744,-28.8191372032561,1.23506169013356e-182
