"","Estimate","Std. Error","z value","Pr(>|z|)"
"(Intercept)",-2.45317338270131,0.0950895601542809,-25.7985564211369,9.20406462029179e-147
"metalinguistic",-0.790080504195556,0.0132411470151135,-59.6685848509768,0
"refer",-0.0933281702528805,0.0102556403691386,-9.10017969562634,9.01824955511031e-20
"best",0.163330550751183,0.0102560594595738,15.9252733854539,4.23160145781823e-57
"choices",-0.0437693593711733,0.0146016092642655,-2.99757092379467,0.0027214052771079
"individual_declaration",3.01714564407386,0.0124609006881022,242.129017764716,0
"ideology_declaration",-0.173389561397652,0.0146973172454505,-11.7973612804285,4.02743137854784e-32
