,label,index,T,dof,alternative,p-val,CI95%,cohen-d,BF10,power,means-difference,means-difference-abs,pivot,a,b,pivot-mean,a-mean,b-mean
0,progressive-stance-group closer to progressive-group or conservative-group?,T-test,-17.50573063989004,479,two-sided,2.1081853966181447e-53,[-0.06 -0.05],0.5640334987319758,8.008e+49,1.0,-0.054632479589004065,0.054632479589004065,progressive-stance-group,progressive-group,conservative-group,0.39076140535235004,0.27627783178497034,0.226677646634531
1,conservative-stance-group closer to progressive-group or conservative-group?,T-test,3.7509955523019105,479,two-sided,0.00019769653469768248,[0.01 0.02],0.2234719239943683,50.502,0.9982844619928206,0.011516754938551907,0.011516754938551907,conservative-stance-group,progressive-group,conservative-group,0.23561427659329873,0.27627783178497034,0.226677646634531
