,label,index,T,dof,alternative,p-val,CI95%,cohen-d,BF10,power,means-difference,means-difference-abs,a,b,a-mean,b-mean
0,progressive-group > conservative-group?,T-test,14.298916793206773,479,greater,3.525290378333193e-39,[0.04  inf],0.24100785856951884,6.259e+35,0.9998571045038974,0.049600185150439347,0.049600185150439347,progressive-group,conservative-group,0.27627783178497034,0.226677646634531
1,progressive-stance-group > conservative-stance-group?,T-test,34.4305033872897,479,greater,6.01529860652374e-132,[0.15  inf],0.7506688984408122,1.162e+128,1.0,0.15514712875905132,0.15514712875905132,progressive-stance-group,conservative-stance-group,0.39076140535235004,0.23561427659329873
