way_of_asking,correct,accurate,linguistically valid,grammatical,standard,articulate,natural,progressive,liberal,conservative,inclusive,traditional-values,avoid-misgendering,avoid-overly-PC,gender-continuum,biological-differences
best_complete,0.2544632498516315,0.3319906390075256,0.25214418058763804,0.23399548368811549,0.24277053694800935,0.24372705870248046,0.24600153663895816,0.2942388534676093,0.25831681010233143,0.226677646634531,0.4104676324705215,0.207712803168065,0.44216739722038884,0.291500672814286,0.31964918636613976,0.20762935379754513
