way_of_asking,null_context,choices-all-terms,individual-declaration,ideology-declaration
direct,0.3074641497102249,0.3351250543380003,0.404034168539645,0.37698791173584423
likely_complete,0.25368243413606695,0.28171443514910205,0.3799576336227253,0.3217388492913271
best_complete,0.25693802678577726,0.30349824172727563,0.4658714865821869,0.3760441615529927
likely_refer,0.23171303782921998,0.3096399205665642,0.3779954145652916,0.33426993568040014
best_refer,0.24043921410694805,0.32971185562607624,0.49406999856390044,0.37809384812244107
