context,p(reform)
choices-all-terms,0.3119379014814037
ideology-declaration,0.357426941276601
individual-declaration,0.42438574037474985
null_context,0.25804737251364745
