way_of_asking,p(reform)
best_complete,0.35058797916205814
best_refer,0.36057872910484146
direct,0.35590282108092863
likely_complete,0.30927333804980534
likely_refer,0.31340457716036896
