"","Estimate","Std. Error","z value","Pr(>|z|)"
"(Intercept)",-1.19378706151132,0.195485238790675,-6.10678877288334,1.01655628727741e-09
"metalinguistic",-0.255702560323978,0.0127036507500125,-20.1282737817494,4.17279313701587e-90
"refer",0.01596577348659,0.0096125375399008,1.66093223774861,0.0967270567775491
"best",0.250892671564705,0.00961422181670122,26.0959936589845,4.0482520439432e-150
"choices",0.44804932745359,0.0122674112960989,36.5235432838282,4.69145834511684e-292
"individual_declaration",0.925105861086509,0.0121918231415645,75.8792061158291,0
"ideology_declaration",0.576915510163211,0.0122427766568361,47.122930225234,0
