,label,index,T,dof,alternative,p-val,CI95%,cohen-d,BF10,power,means-difference,means-difference-abs,a,b,a-mean,b-mean
0,progressive-group > conservative-group?,T-test,21.65817706911116,479,greater,2.504661837690694e-73,[0.21  inf],0.5960760276179574,5.075e+69,1.0,0.2311274271087786,0.2311274271087786,progressive-group,conservative-group,0.5605388220470702,0.3294113949382916
1,progressive-stance-group > conservative-stance-group?,T-test,36.073770274330734,479,greater,5.949624899145492e-139,[0.41  inf],1.445320353780249,1.11e+135,1.0,0.42700667141722237,0.42700667141722237,progressive-stance-group,conservative-stance-group,0.8120029765043107,0.3849963050870884
