context,p(reform)
choices-all-terms,0.43649658335485086
ideology-declaration,0.2997238758055239
individual-declaration,0.3574596798423845
null_context,0.3012473458599808
