way_of_asking,null_context,choices-all-terms,individual-declaration,ideology-declaration
direct,0.35740098735333,0.475177185915154,0.38930031273146687,0.30022312538564516
likely_complete,0.2838929871327042,0.4383127635893044,0.3435928134989672,0.27956285679347487
best_complete,0.27888129198249334,0.44728327821409025,0.3235467770272321,0.27940361225721266
likely_refer,0.2740573732924116,0.40209113082645953,0.3629633874970903,0.298029835666076
best_refer,0.31200408953896486,0.4196185582292464,0.3678951084571663,0.3413999489252108
