way_of_asking,p(reform)
best_complete,0.33227873987025713
best_refer,0.36022942628764704
direct,0.38052540284639896
likely_complete,0.33634035525361267
likely_refer,0.33428543182050935
