"","Estimate","Std. Error","z value","Pr(>|z|)"
"(Intercept)",-0.931600999659034,0.358041910066707,-2.60193282815821,0.00927000070180561
"metalinguistic",-0.250165244654203,0.0247984724986511,-10.0879295959786,6.24732585877135e-24
"refer",0.0950786109401966,0.018793133440216,5.05922076500213,4.20973254878835e-07
"best",0.0475798276068388,0.0187928314589324,2.53180728570967,0.011347633942993
"choices",0.838861672154524,0.0237119197447255,35.3772145480173,3.82670516332678e-274
"individual_declaration",0.363903895199878,0.0238394503710028,15.2647770622478,1.31275709940877e-52
"ideology_declaration",0.0599449121980408,0.0239704023770298,2.50078873333743,0.0123917075875117
