"","Estimate","Std. Error","z value","Pr(>|z|)"
"(Intercept)",-0.667527533226495,0.35007039355045,-1.90683801179632,0.0565415673353938
"metalinguistic",-0.18395632252149,0.0214882424039854,-8.56078961987937,1.12097095054496e-17
