,label,index,T,dof,alternative,p-val,CI95%,cohen-d,BF10,power,means-difference,means-difference-abs,pivot,a,b,pivot-mean,a-mean,b-mean
0,progressive-stance-group closer to progressive-group or conservative-group?,T-test,-20.340455234084487,2079,two-sided,4.977126469365751e-84,[-0.05 -0.04],0.2620923656346867,1.669e+80,1.0,-0.04343997026383714,0.04343997026383714,progressive-stance-group,progressive-group,conservative-group,0.3668035638576209,0.25173420222331516,0.20136656878485712
1,conservative-stance-group closer to progressive-group or conservative-group?,T-test,-5.391812845545787,2079,two-sided,7.76697122226476e-08,[-0.01 -0.01],0.12610087609878076,4.5e+04,0.9999241959952311,-0.010459660496376345,0.010459660496376345,conservative-stance-group,progressive-group,conservative-group,0.22944189378159216,0.25173420222331516,0.20136656878485712
