,label,index,T,dof,alternative,p-val,CI95%,cohen-d,BF10,power,means-difference,means-difference-abs,pivot,a,b,pivot-mean,a-mean,b-mean
0,positive-metalinguistic closer to progressive-group or conservative-group?,T-test,2.4221849282366237,2079,two-sided,0.015512497837218416,[0.   0.01],0.05092117252960238,0.461,0.6410813740893536,0.004894736324301249,0.004894736324301249,positive-metalinguistic,progressive-group,conservative-group,0.23312463679890624,0.25173420222331516,0.20136656878485712
1,positive-metalinguistic closer to progressive-stance-group or conservative-stance-group?,T-test,34.07612584516319,2079,two-sided,1.3747325268628392e-202,[0.11 0.12],0.87738758520039,3.102e+198,1.0,0.11163718063133939,0.11163718063133939,positive-metalinguistic,progressive-stance-group,conservative-stance-group,0.23312463679890624,0.3668035638576209,0.22944189378159216
