way_of_asking,correct,accurate,linguistically valid,grammatical,standard,articulate,natural,progressive,liberal,conservative,inclusive,traditional-values,avoid-misgendering,avoid-overly-PC,gender-continuum,biological-differences
best_complete,0.23248123530041048,0.2731148870350167,0.22022292132103244,0.22740397215121858,0.22717376015875404,0.22273122971373127,0.2287444519121801,0.2597022264100196,0.2437661780366107,0.20136656878485712,0.3712472956759892,0.21002792676903984,0.3752148788617834,0.23742107968992332,0.35394851703509017,0.24087667488581324
