,label,index,T,dof,alternative,p-val,CI95%,cohen-d,BF10,power,means-difference,means-difference-abs,pivot,a,b,pivot-mean,a-mean,b-mean
0,progressive-stance-group closer to progressive-group or conservative-group?,T-test,1.836638832577734,2079,two-sided,0.06640592067622209,[-0.  0.],0.029306826741481468,0.133,0.2668093640687089,0.0022511163188597416,0.0022511163188597416,progressive-stance-group,progressive-group,conservative-group,0.24852672342790674,0.2572210995721112,0.2469340863494279
1,conservative-stance-group closer to progressive-group or conservative-group?,T-test,1.5398767855614004,2079,two-sided,0.12374257056169256,[-0.    0.01],0.026958203246318074,0.081,0.2330888446225907,0.0022022069719257326,0.0022022069719257326,conservative-stance-group,progressive-group,conservative-group,0.23894075327009565,0.2572210995721112,0.2469340863494279
