,label,index,T,dof,alternative,p-val,CI95%,cohen-d,BF10,power,means-difference,means-difference-abs,pivot,a,b,pivot-mean,a-mean,b-mean
0,positive-metalinguistic closer to progressive-group or conservative-group?,T-test,7.048297254294176,2079,two-sided,2.4542534347435764e-12,[0.01 0.01],0.1172307619679921,1.093e+09,0.999642938546306,0.009770930779939707,0.009770930779939707,positive-metalinguistic,progressive-group,conservative-group,0.23490587391528456,0.2572210995721112,0.2469340863494279
1,positive-metalinguistic closer to progressive-stance-group or conservative-stance-group?,T-test,7.461283450802907,2079,two-sided,1.2520232205821615e-13,[0.01 0.01],0.16298309261240637,2.023e+10,1.0,0.008240322685960724,0.008240322685960724,positive-metalinguistic,progressive-stance-group,conservative-stance-group,0.23490587391528456,0.24852672342790674,0.23894075327009565
