way_of_asking,correct,accurate,linguistically valid,grammatical,standard,articulate,natural,progressive,liberal,conservative,inclusive,traditional-values,avoid-misgendering,avoid-overly-PC,gender-continuum,biological-differences
best_complete,0.23242384900234989,0.23249614174783093,0.24659155328691054,0.2264920563597215,0.23022673213246303,0.24501376253314028,0.2310970223445757,0.2491263166164573,0.2653158825277651,0.2469340863494279,0.23814085400796664,0.22569347088360647,0.236698956166528,0.2465434188460276,0.27074036010922553,0.2445853700806529
