way_of_asking,p(reform)
best_complete,0.6571725628011654
best_refer,0.6335072979011513
direct,0.49076717674201503
likely_complete,0.6185518116590231
likely_refer,0.5626944691864608
