context,p(reform)
choices-pronoun,0.47828691991615596
ideology-declaration,0.8511065672315682
individual-declaration,0.9902748704068545
null_context,0.05048629707727388
