"","Estimate","Std. Error","z value","Pr(>|z|)"
"(Intercept)",-0.108722534032434,0.0581234331196364,-1.8705456336113,0.0614080862080387
"metalinguistic",0.35054267658804,0.0188593766004133,18.5871825996814,4.08056815372856e-77
