"","Estimate","Std. Error","z value","Pr(>|z|)"
"(Intercept)",-2.98048656576458,0.102123342658748,-29.1851646075089,2.99179439714062e-187
"metalinguistic",0.561482787056246,0.0173347629707377,32.3905661706519,3.7268877517361e-230
"refer",-0.173030677970315,0.0130989056106458,-13.2095522415009,7.72827668098609e-40
"best",0.3525649628577,0.0130989914980064,26.9154280244674,1.44922693208348e-159
"choices",2.22559512546001,0.0165568732686774,134.421221286415,0
"individual_declaration",5.13010771402673,0.0165252999117197,310.439613285837,0
"ideology_declaration",4.09936993993616,0.016617382910624,246.691669920858,0
