way_of_asking,null_context,choices-all-terms,individual-declaration,ideology-declaration
direct,0.2728322868796187,0.39415571403189315,0.31175573127079476,0.25219450128903476
likely_complete,0.25599348287754664,0.4332896003975861,0.2905175157467185,0.2663340756686524
best_complete,0.24923838995534567,0.4434067445145906,0.28120316451892485,0.25948550054395086
likely_refer,0.2549754000041165,0.4112888092703916,0.3030594423352264,0.2744585495193653
best_refer,0.27342963962674327,0.44050252742871876,0.30448938303419687,0.28996376258008877
