context,p(reform)
choices-all-terms,0.42452867912863607
ideology-declaration,0.2684872779202184
individual-declaration,0.29820504738117226
null_context,0.26129383986867416
