way_of_asking,p(reform)
best_complete,0.308333449883203
best_refer,0.32709632816743694
direct,0.30773455836783536
likely_complete,0.3115336686726259
likely_refer,0.310945550282275
