way_of_asking,null_context,choices-pronoun,individual-declaration,ideology-declaration
direct,0.08552609492457748,0.08753796318733109,0.5747792408437313,0.11848984460214745
likely_complete,0.246688454971829,0.10935677002816475,0.8461122364559963,0.35287227638044
best_complete,0.2962191838598662,0.10883704779558542,0.664936513653734,0.31207007212066973
likely_refer,0.1457987855753286,0.06249765643714168,0.7583287852709722,0.1741982102493093
best_refer,0.17332256913367325,0.05661163197368244,0.6329058887942344,0.08432447718949213
