context,p(reform)
choices-pronoun,0.08496821388438108
ideology-declaration,0.20839097610841173
individual-declaration,0.6954125330037336
null_context,0.1895110176930549
