way_of_asking,p(reform)
best_complete,0.34551570435746387
best_refer,0.23679114177277058
direct,0.21658328588944684
likely_complete,0.3887574344591075
likely_refer,0.285205859383188
