"","Estimate","Std. Error","z value","Pr(>|z|)"
"(Intercept)",-1.06165946797822,0.0610216865226513,-17.3980682684693,8.53324084516843e-68
"metalinguistic",0.356009611002984,0.0151205124404716,23.5448112228053,1.41881347799932e-122
