"","Estimate","Std. Error","z value","Pr(>|z|)"
"(Intercept)",-2.06098512519294,0.0877578856601918,-23.484899501491,5.81927158782462e-122
"metalinguistic",1.06298093772666,0.0123011804662135,86.4129211538882,0
"refer",-0.639165139617556,0.00910928434563064,-70.1663396778407,0
"best",-0.264951774210166,0.00907376169297776,-29.1997721755481,1.95217307828421e-187
"choices",-0.698940039400261,0.0124085898556006,-56.3271127125535,0
"individual_declaration",2.50296318944644,0.011255736654443,222.372223719222,0
"ideology_declaration",0.152010790086843,0.0114955010962175,13.2235027263719,6.42030196797468e-40
