way_of_asking,p(reform)
best_complete,0.3751212388785489
best_refer,0.35484006048949324
direct,0.36529143845624673
likely_complete,0.35406534087262465
likely_refer,0.31931245648316
