context,p(reform)
choices-all-terms,0.3837553272051821
ideology-declaration,0.37888017807834734
individual-declaration,0.37194919953520533
null_context,0.2803197233253242
