way_of_asking,p(reform)
best_complete,0.36441172643916153
best_refer,0.4015323833064014
direct,0.3680393151192316
likely_complete,0.3642019134328036
likely_refer,0.38519423910263684
