context,p(reform)
choices-all-terms,0.38438037748971376
ideology-declaration,0.3547791569350235
individual-declaration,0.4074879825293679
null_context,0.3600561449660829
