"","Estimate","Std. Error","z value","Pr(>|z|)"
"(Intercept)",-0.725991010109627,0.205502128395862,-3.53276637948556,0.000411235699442392
"metalinguistic",-0.0295306985874487,0.0139989114574108,-2.10949963340296,0.0349014776275768
"refer",0.169421816619065,0.0105708118789058,16.0273230249371,8.23548000209364e-58
"best",0.0268390624888501,0.0105704400737704,2.5390676548509,0.0111148327268663
"choices",0.185263572163945,0.0133760341427865,13.8504111298083,1.26486058076819e-43
"individual_declaration",0.238203332617444,0.0133703570513456,17.8157794666726,5.33100915534487e-71
"ideology_declaration",-0.0187361768669449,0.0133981171307462,-1.39841864973317,0.161987385978661
