way_of_asking,null_context,choices-all-terms,individual-declaration,ideology-declaration
direct,0.23303164977944327,0.41952898320889054,0.27975906078930346,0.27189289751383455
likely_complete,0.23804024653981534,0.4797714745048513,0.2567930811428678,0.2517985687676357
best_complete,0.23991506201749552,0.4709087732667738,0.2524941651974733,0.25165790816458583
likely_refer,0.23944187231550262,0.4836983999305182,0.2595633799428867,0.24598733685603938
best_refer,0.23770537051726093,0.4803384677764435,0.25710986435529953,0.2477351731901286
