context,p(reform)
choices-all-terms,0.46684921973749544
ideology-declaration,0.25381437689844477
individual-declaration,0.26114391028556616
null_context,0.23762684023390354
