way_of_asking,p(reform)
best_complete,0.3037439771615821
best_refer,0.30572221895978313
direct,0.30105314782286796
likely_complete,0.30660084273879257
likely_refer,0.3071727472612367
