"","Estimate","Std. Error","z value","Pr(>|z|)"
"(Intercept)",-1.38037623579447,0.212102140722739,-6.50807309672043,7.61208786865673e-11
"metalinguistic",-0.0655976218528188,0.0145252478776558,-4.51611032082471,6.29858595734098e-06
"refer",0.0326085721069777,0.0109852936501735,2.96838420031337,0.00299369879671514
"best",-0.0258863088758875,0.010985292408692,-2.3564515092384,0.018450476360654
"choices",1.35703251745197,0.0138390667672584,98.0580945430911,0
"individual_declaration",0.215769046198793,0.0139716321399394,15.4433672485546,8.36183774847801e-54
"ideology_declaration",0.178801251643819,0.0139749682930998,12.7943940833199,1.76221533519646e-37
