way_of_asking,null_context,choices-pronoun,individual-declaration,ideology-declaration
direct,0.01753918607179147,0.28505304737908027,0.9458836133118987,0.4024066231907088
likely_complete,0.016951582403170753,0.28242380947905227,0.9212053779218947,0.7248507599566508
best_complete,0.022472571540065496,0.43838718966764195,0.9664689461383079,0.9145194739480548
likely_refer,0.027121586427423346,0.20118115825223826,0.9069670856679992,0.5904409554642632
best_refer,0.048096509518765276,0.37810140857725577,0.9174264472340837,0.8588176279248413
