context,p(reform)
choices-pronoun,0.3170293226710537
ideology-declaration,0.6982070880969038
individual-declaration,0.9315902940548368
null_context,0.026436287192243266
