way_of_asking,p(reform)
best_complete,0.5854620453235175
best_refer,0.5506104983137364
direct,0.4127206174883698
likely_complete,0.4863578824401921
likely_refer,0.43142769645298107
