"","Estimate","Std. Error","z value","Pr(>|z|)"
"(Intercept)",-0.400736705522546,0.0630453130939979,-6.35632826384834,2.06633214817795e-10
"metalinguistic",0.367586927654391,0.0181854188356551,20.2132780650443,7.48106080487896e-91
