,label,index,T,dof,alternative,p-val,CI95%,cohen-d,BF10,power,means-difference,means-difference-abs
0,positive-metalinguistic != progressive-group?,T-test,-23.135138995007342,1599,two-sided,2.2244560660120713e-102,[-0.06 -0.05],0.4490787927619401,3.492e+98,1.0,-0.056595232473689305,0.056595232473689305
1,positive-metalinguistic != conservative-group?,T-test,14.84532419311328,1599,two-sided,8.389822499703608e-47,[0.01 0.02],0.22764530358035706,1.604e+43,1.0,0.016828957104313386,0.016828957104313386
2,positive-metalinguistic != progressive-stance-group?,T-test,-164.01638338683455,1599,two-sided,0.0,[-0.78 -0.76],5.030281955952048,inf,1.0,-0.7660507871562742,0.7660507871562742
3,positive-metalinguistic != conservative-stance-group?,T-test,5.113184373740204,1599,two-sided,3.549206897290394e-07,[0.   0.01],0.06999705253694954,1.177e+04,0.7990519177096662,0.0052425254536950655,0.0052425254536950655
