,label,index,T,dof,alternative,p-val,CI95%,cohen-d,BF10,power,means-difference,means-difference-abs,pivot,a,b,pivot-mean,a-mean,b-mean
0,positive-metalinguistic closer to progressive-group or conservative-group?,T-test,-3.388106434103959,479,two-sided,0.0007618027411964572,[-0.03 -0.01],0.17071985915373197,14.408,0.9618699888427983,-0.018840523654194946,0.018840523654194946,positive-metalinguistic,progressive-group,conservative-group,0.3335765562751902,0.3855188680456825,0.30061338514146535
1,positive-metalinguistic closer to progressive-stance-group or conservative-stance-group?,T-test,-1.3399019254903652,479,two-sided,0.18091251457267887,[-0.02  0.  ],0.08065735124822355,0.125,0.42224947297076515,-0.008442483557730293,0.008442483557730293,positive-metalinguistic,progressive-stance-group,conservative-stance-group,0.3335765562751902,0.3779836978297843,0.2583619102850846
