way_of_asking,correct,accurate,linguistically valid,grammatical,standard,articulate,natural,progressive,liberal,conservative,inclusive,traditional-values,avoid-misgendering,avoid-overly-PC,gender-continuum,biological-differences
best_complete,0.3140644280687836,0.4239052679459798,0.2897074612024548,0.2867214678998669,0.3266658736307161,0.3665898587263655,0.32738153645216456,0.39968688666956226,0.3713508494218027,0.30061338514146535,0.4688915136530369,0.2920914237610763,0.3275494338551772,0.2653187284915778,0.33751014598113876,0.21767557860259965
