,label,index,T,dof,alternative,p-val,CI95%,cohen-d,BF10,power,means-difference,means-difference-abs,a,b,a-mean,b-mean
0,progressive-group > conservative-group?,T-test,16.79358828374128,559,greater,7.591322678894899e-52,[0.07  inf],0.22250735343454034,2.232e+48,0.999849370091481,0.07694873559441812,0.07694873559441812,progressive-group,conservative-group,0.3979928098666282,0.3210440742722101
1,progressive-stance-group > conservative-stance-group?,T-test,17.194091651992537,559,greater,8.408482801520251e-54,[0.1 inf],0.3405133934494686,1.953e+50,0.9999999999999997,0.10971324643738672,0.10971324643738672,progressive-stance-group,conservative-stance-group,0.39388414575801256,0.28417089932062584
