,label,index,T,dof,alternative,p-val,CI95%,cohen-d,BF10,power,means-difference,means-difference-abs,pivot,a,b,pivot-mean,a-mean,b-mean
0,positive-metalinguistic closer to progressive-group or conservative-group?,T-test,-3.4153936648823437,559,two-sided,0.0006831393452830673,[-0.03 -0.01],0.15525445017818634,14.82,0.956154694852673,-0.01637730093150183,0.01637730093150183,positive-metalinguistic,progressive-group,conservative-group,0.35049670444878295,0.3979928098666282,0.3210440742722101
1,positive-metalinguistic closer to progressive-stance-group or conservative-stance-group?,T-test,-0.7243678214886117,559,two-sided,0.46914300638502193,[-0.01  0.01],0.039120055818784555,0.062,0.15210925301407074,-0.003963307718866285,0.003963307718866285,positive-metalinguistic,progressive-stance-group,conservative-stance-group,0.35049670444878295,0.39388414575801256,0.28417089932062584
