way_of_asking,correct,accurate,linguistically valid,grammatical,standard,articulate,natural,progressive,liberal,conservative,inclusive,traditional-values,avoid-misgendering,avoid-overly-PC,gender-continuum,biological-differences
best_complete,0.33009712800519336,0.4313450495978341,0.317849986124198,0.31409269122519184,0.34007840790761595,0.3781460934823681,0.3418675747990791,0.40889892404997974,0.38708669568327675,0.3210440742722101,0.4762929145900027,0.3125593675213747,0.3449866254903666,0.28262897311896334,0.36037289719366833,0.2573243573215395
