way_of_asking,correct,accurate,linguistically valid,grammatical,standard,articulate,natural,progressive,liberal,conservative,inclusive,traditional-values,avoid-misgendering,avoid-overly-PC,gender-continuum,biological-differences
best_complete,0.41952001844715864,0.4495150128020567,0.36275752625539254,0.3754090900782444,0.4097091747897449,0.5126677431341995,0.3637603983923346,0.6062080622826335,0.5148695818115069,0.3294113949382916,0.8362647200117478,0.33556530600185813,0.8455775431101387,0.4717998007171213,0.7541666663910462,0.34762380854228564
