,label,index,T,dof,alternative,p-val,CI95%,cohen-d,BF10,power,means-difference,means-difference-abs,pivot,a,b,pivot-mean,a-mean,b-mean
0,progressive-stance-group closer to progressive-group or conservative-group?,T-test,3.5811007580628638,559,two-sided,0.00037195210990639317,[0.   0.01],0.11263951024405316,26.058,0.7583476874773974,0.0056427165217067185,0.0056427165217067185,progressive-stance-group,progressive-group,conservative-group,0.20705409907309594,0.2226024412376126,0.19924859769830602
1,conservative-stance-group closer to progressive-group or conservative-group?,T-test,7.106751286288724,559,two-sided,3.638690770141272e-12,[0.01 0.02],0.23167751118429825,1.331e+09,0.9997785139328406,0.012964373740361895,0.012964373740361895,conservative-stance-group,progressive-group,conservative-group,0.183073622745539,0.2226024412376126,0.19924859769830602
