way_of_asking,correct,accurate,linguistically valid,grammatical,standard,articulate,natural,progressive,liberal,conservative,inclusive,traditional-values,avoid-misgendering,avoid-overly-PC,gender-continuum,biological-differences
best_complete,0.17137396194958418,0.1707635217648556,0.17727527981600008,0.15349033665732953,0.1565743586921434,0.18335826865382865,0.15489001653510218,0.20881448561408872,0.23639039686113647,0.19924859769830602,0.1728019978234953,0.16958757374806654,0.1945304520343114,0.1680995456558824,0.2538298473614811,0.21153374883266812
