way_of_asking,p(reform)
best_complete,0.7022058770555516
best_refer,0.7503146378485923
direct,0.6391288688473103
likely_complete,0.6777129317833009
likely_refer,0.6835463768013231
