"","Estimate","Std. Error","z value","Pr(>|z|)"
"(Intercept)",-0.847205148979946,0.271637884381652,-3.11887699651504,0.00181541731332028
"metalinguistic",0.15261600842544,0.0329803880003913,4.62747765198,3.70146158963709e-06
"refer",0.245434953421349,0.0248405975811086,9.8803965009281,5.06321687266574e-23
"best",0.25985456124492,0.0248406348251357,10.4608663616752,1.30655488533652e-25
"choices",1.7068721231459,0.0315904589556589,54.0312543588463,0
"individual_declaration",1.65919967999312,0.0316020881089796,52.5028496304224,0
"ideology_declaration",2.25035443396301,0.0314183059209634,71.6255815836808,0
