,label,index,T,dof,alternative,p-val,CI95%,cohen-d,BF10,power,means-difference,means-difference-abs,pivot,a,b,pivot-mean,a-mean,b-mean
0,progressive-stance-group closer to progressive-group or conservative-group?,T-test,-14.016752027275198,479,two-sided,1.1949004518027803e-37,[-0.05 -0.04],0.2549765432147791,1.895e+34,0.9998498430003053,-0.041115079078356764,0.041115079078356764,progressive-stance-group,progressive-group,conservative-group,0.43251985617195565,0.28265081794482716,0.23728617028710833
1,conservative-stance-group closer to progressive-group or conservative-group?,T-test,-2.3696567164708844,479,two-sided,0.018199993659508286,[-0.01 -0.  ],0.09080880460419967,0.822,0.5102386856560055,-0.006221913328923662,0.006221913328923662,conservative-stance-group,progressive-group,conservative-group,0.2549757417746618,0.28265081794482716,0.23728617028710833
