way_of_asking,correct,accurate,linguistically valid,grammatical,standard,articulate,natural,progressive,liberal,conservative,inclusive,traditional-values,avoid-misgendering,avoid-overly-PC,gender-continuum,biological-differences
best_complete,0.270183458574315,0.3335480072445529,0.26813692932563193,0.2519196133123029,0.28184038013266993,0.2825516436507286,0.254148534409179,0.2910667801275026,0.27423485576215184,0.23728617028710833,0.43517020090592645,0.22017026152956676,0.4259926902973301,0.2614469207519239,0.4363966773126105,0.2833100430424947
