,label,index,T,dof,alternative,p-val,CI95%,cohen-d,BF10,power,means-difference,means-difference-abs,pivot,a,b,pivot-mean,a-mean,b-mean
0,progressive-stance-group closer to progressive-group or conservative-group?,T-test,-18.23966085671796,2079,two-sided,4.563135521283448e-69,[-0.04 -0.03],0.23074270741981107,2.078e+65,1.0,-0.039137445150137035,0.039137445150137035,progressive-stance-group,progressive-group,conservative-group,0.3905653734553686,0.2740883045901339,0.2257053937086857
1,conservative-stance-group closer to progressive-group or conservative-group?,T-test,-5.369882719711184,2079,two-sided,8.758630444468672e-08,[-0.02 -0.01],0.11652545982109157,4.007e+04,0.9995987788177696,-0.011783123475650498,0.011783123475650498,conservative-stance-group,progressive-group,conservative-group,0.25405425574659035,0.2740883045901339,0.2257053937086857
