way_of_asking,correct,accurate,linguistically valid,grammatical,standard,articulate,natural,progressive,liberal,conservative,inclusive,traditional-values,avoid-misgendering,avoid-overly-PC,gender-continuum,biological-differences
best_complete,0.2651591773617287,0.3217108598781603,0.25787391652661656,0.2608133488639935,0.26888663167323895,0.25034283328290063,0.2618066840652587,0.28222633005286546,0.2659502791274022,0.2257053937086857,0.40641303387939226,0.22792709730572308,0.39665150849517966,0.2678109163907879,0.36863157799153407,0.26642475354326006
