,label,index,T,dof,alternative,p-val,CI95%,cohen-d,BF10,power,means-difference,means-difference-abs,pivot,a,b,pivot-mean,a-mean,b-mean
0,progressive-stance-group closer to progressive-group or conservative-group?,T-test,2.600208852098959,1599,two-sided,0.009402534319679403,[0. 0.],0.030402643599542107,0.817,0.22900854609933177,0.001866436583320405,0.001866436583320405,progressive-stance-group,progressive-group,conservative-group,0.18302098950588694,0.15179357990667172,0.1346548097932064
1,conservative-stance-group closer to progressive-group or conservative-group?,T-test,19.43434486074159,1599,two-sided,1.0752517966405463e-75,[0.01 0.02],0.3341509996500425,9.022e+71,1.0,0.015187939613655062,0.015187939613655062,conservative-stance-group,progressive-group,conservative-group,0.09697883672828184,0.15179357990667172,0.1346548097932064
