way_of_asking,correct,accurate,linguistically valid,grammatical,standard,articulate,natural,progressive,liberal,conservative,inclusive,traditional-values,avoid-misgendering,avoid-overly-PC,gender-continuum,biological-differences
best_complete,0.13331151728430998,0.11450426815905129,0.11861862204251933,0.08786915049875661,0.12203942278678008,0.1599082248019763,0.095953576585292,0.14919480023826653,0.15439235957507688,0.1346548097932064,0.15194416029037433,0.14890726782278046,0.26469949194886006,0.10681498470542068,0.1324193162784264,0.03521425765664435
