context,p(reform)
choices-all-terms,0.4804911856149778
ideology-declaration,0.21059136597834435
individual-declaration,0.22627203605531293
null_context,0.22546293106521853
