way_of_asking,p(reform)
best_complete,0.277329184986281
best_refer,0.2872879836214774
direct,0.28326754974163576
likely_complete,0.2888754686172288
likely_refer,0.29176171142569407
