way_of_asking,null_context,choices-all-terms,individual-declaration,ideology-declaration
direct,0.22882091361949547,0.44553198372745234,0.23654626453712715,0.22217103708246808
likely_complete,0.2277850286461544,0.4866170854103175,0.22425372575265617,0.21684603465978702
best_complete,0.21600524429533277,0.4819519511956213,0.2081617518333444,0.20319779262082566
likely_refer,0.23209547110226358,0.49189598647317323,0.23581568571191072,0.20723970241542883
best_refer,0.22260799766284653,0.49645892126832447,0.22658275244152623,0.20350226311321226
