"","Estimate","Std. Error","z value","Pr(>|z|)"
"(Intercept)",-1.59514488555973,0.427256524372673,-3.73345939632362,0.000188867653018427
"metalinguistic",-0.0417100536031868,0.0251748273832186,-1.6568158727869,0.0975567069065791
"refer",0.0535098620321945,0.0190447262740782,2.8096944667053,0.00495885509600467
"best",-0.0405581071253819,0.0190446835914496,-2.12962882426627,0.0332022694032945
"choices",1.84082193914255,0.0238152035483366,77.2960825384643,0
"individual_declaration",0.126302865507451,0.0245264676609165,5.14965576183306,2.60964974992333e-07
"ideology_declaration",0.0149300810516926,0.0245992732421468,0.606931794477261,0.543896176972068
