"","Estimate","Std. Error","z value","Pr(>|z|)"
"(Intercept)",-1.07359633280395,0.354403178059509,-3.02930785971587,0.00245114764121965
"metalinguistic",-0.0678435003484732,0.0238432574613786,-2.84539562005596,0.00443562942331869
