way_of_asking,p(reform)
best_complete,0.6998000933838479
best_refer,0.7400851858035365
direct,0.6600882811243687
likely_complete,0.6877122835439753
likely_refer,0.6803841525528976
