context,p(reform)
choices-all-terms,0.7254836192594368
ideology-declaration,0.8518211006908191
individual-declaration,0.7834144388903665
null_context,0.4137368382862786
