"","Estimate","Std. Error","z value","Pr(>|z|)"
"(Intercept)",-0.6184935253496,0.248161395244899,-2.49230354600173,0.0126917519345687
"metalinguistic",0.0749999833264054,0.0308987033771038,2.42728577995869,0.0152122676945472
"refer",0.201377325298731,0.0232727201200259,8.65293460584557,5.01917874243254e-18
"best",0.234284807078163,0.0232728238010837,10.0668835496986,7.73915318870381e-24
"choices",1.54030522307517,0.0296390227835071,51.9688261764246,0
"individual_declaration",1.50495776242863,0.0296498697386929,50.7576517432275,0
"ideology_declaration",2.00659879014009,0.0294706022664915,68.0881500824171,0
