"","Estimate","Std. Error","z value","Pr(>|z|)"
"(Intercept)",0.511719836099344,0.216014497152091,2.36891432216725,0.0178403857149197
"metalinguistic",0.284376326636276,0.0282603566178519,10.0627295855367,8.07284587478744e-24
