,label,index,T,dof,alternative,p-val,CI95%,cohen-d,BF10,power,means-difference,means-difference-abs,pivot,a,b,pivot-mean,a-mean,b-mean
0,positive-metalinguistic closer to progressive-group or conservative-group?,T-test,-3.6579083245473933,2079,two-sided,0.0002606071689145479,[-0.01 -0.  ],0.07895701835080006,19.281,0.9494314819256287,-0.007268211254436108,0.007268211254436108,positive-metalinguistic,progressive-group,conservative-group,0.28949048984310277,0.3270519045565224,0.28812272841452385
1,positive-metalinguistic closer to progressive-stance-group or conservative-stance-group?,T-test,1.6834814080749856,2079,two-sided,0.09243206561009912,[-0.    0.01],0.038804265286658014,0.102,0.4243453565884617,0.004021724525431036,0.004021724525431036,positive-metalinguistic,progressive-stance-group,conservative-stance-group,0.28949048984310277,0.3220168212067528,0.24976001120073793
