way_of_asking,correct,accurate,linguistically valid,grammatical,standard,articulate,natural,progressive,liberal,conservative,inclusive,traditional-values,avoid-misgendering,avoid-overly-PC,gender-continuum,biological-differences
best_complete,0.28285160259614595,0.33560364883373806,0.2711999430456185,0.26744772802789446,0.28861492783606807,0.291759442704148,0.28895613585810664,0.33086715250317944,0.32323665660986545,0.28812272841452385,0.373778901739311,0.2652869093588935,0.291974102009628,0.23955816564617102,0.30029745987131934,0.24443495859714925
